first_name,last_name,amount,store_id,rental_date,city,country
CHARLOTTE,HUNTER,2.99,1,"2005-05-24 22:53:30","Águas Lindas de Goiás",Brazil
TOMMY,COLLAZO,2.99,1,"2005-05-24 22:54:33",Qomsheh,Iran
MANUEL,MURRELL,3.99,1,"2005-05-24 23:03:39",Jaffna,"Sri Lanka"
ANDREW,PURDY,4.99,2,"2005-05-24 23:04:41",Baku,Azerbaijan
DELORES,HANSEN,6.99,2,"2005-05-24 23:05:21",Jaroslavl,"Russian Federation"
NELSON,CHRISTENSON,0.99,1,"2005-05-24 23:08:07","Santiago de Compostela",Spain
CASSANDRA,WALTERS,1.99,1,"2005-05-24 23:11:53",Salinas,"United States"
MINNIE,ROMERO,4.99,2,"2005-05-24 23:31:46",Ciomas,Indonesia
ELLEN,SIMPSON,4.99,1,"2005-05-25 00:00:40",Poá,Brazil
DANNY,ISOM,5.99,1,"2005-05-25 00:02:21",Okara,Pakistan
APRIL,BURNS,8.99,1,"2005-05-25 00:09:02",Dundee,"United Kingdom"
DEANNA,BYRD,4.99,1,"2005-05-25 00:19:27",Tuguegarao,Philippines
RAYMOND,MCWHORTER,6.99,2,"2005-05-25 00:22:55",Sumqayit,Azerbaijan
THEODORE,CULP,0.99,2,"2005-05-25 00:31:15",Uluberia,India
RONALD,WEINER,9.99,2,"2005-05-25 00:39:22","San Felipe del Progreso",Mexico
STEVEN,CURLEY,4.99,1,"2005-05-25 00:43:11",Miraj,India
ISAAC,OGLESBY,2.99,2,"2005-05-25 01:06:36",Cuernavaca,Mexico
RUTH,MARTINEZ,0.99,1,"2005-05-25 01:10:47",Kimberley,"South Africa"
RONNIE,RICKETTS,4.99,2,"2005-05-25 01:17:24",Ziguinchor,Senegal
ROBERTA,HARPER,2.99,1,"2005-05-25 01:48:41","Shahr-e Kord",Iran
CRAIG,MORRELL,4.99,2,"2005-05-25 01:59:46",Cavite,Philippines
RAUL,FORTIER,4.99,1,"2005-05-25 02:19:23",Chapra,India
BARRY,LOVELACE,4.99,1,"2005-05-25 02:40:21",Kitwe,Zambia
JUAN,FRALEY,4.99,1,"2005-05-25 02:53:02",Tšeboksary,"Russian Federation"
PAMELA,BAKER,0.99,1,"2005-05-25 03:21:20",Nanyang,China
BILLY,POULIN,3.99,1,"2005-05-25 03:36:50",Cabuyao,Philippines
ROBERT,BAUGHMAN,4.99,2,"2005-05-25 03:41:50",Kaliningrad,"Russian Federation"
CONSTANCE,REID,4.99,2,"2005-05-25 03:42:37",Zaria,Nigeria
MARIE,TURNER,0.99,1,"2005-05-25 03:47:12",Lipetsk,"Russian Federation"
RAY,HOULE,2.99,1,"2005-05-25 04:01:32",Dzerzinsk,"Russian Federation"
FRED,WHEAT,4.99,2,"2005-05-25 04:05:17",Juárez,Mexico
JOY,GEORGE,0.99,2,"2005-05-25 04:06:21",Botosani,Romania
KAY,CALDWELL,0.99,1,"2005-05-25 04:18:51",Yantai,China
FREDDIE,DUGGAN,2.99,1,"2005-05-25 04:19:28",Sullana,Peru
ROBERTO,VU,4.99,1,"2005-05-25 04:24:36",Yinchuan,China
BONNIE,HUGHES,2.99,2,"2005-05-25 04:36:26",Cheju,"South Korea"
JAVIER,ELROD,0.99,1,"2005-05-25 04:44:31",NDjamna,Chad
MICHAEL,SILVERMAN,4.99,1,"2005-05-25 04:47:44",Tiefa,China
GERTRUDE,CASTILLO,0.99,1,"2005-05-25 04:51:46",Nuuk,Greenland
MARVIN,YEE,4.99,2,"2005-05-25 05:09:04","Berhampore (Baharampur)",India
YVONNE,WATKINS,5.99,2,"2005-05-25 05:12:29","Ocumare del Tuy",Venezuela
HARVEY,GUAJARDO,4.99,1,"2005-05-25 05:24:58",Vinh,Vietnam
NEIL,RENNER,2.99,2,"2005-05-25 05:39:25","Cam Ranh",Vietnam
GERTRUDE,CASTILLO,0.99,1,"2005-05-25 05:53:23",Nuuk,Greenland
TROY,QUIGLEY,7.99,1,"2005-05-25 05:59:39",Vancouver,Canada
MARIA,MILLER,5.99,1,"2005-05-25 06:04:08",Kragujevac,Yugoslavia
VIRGINIA,GREEN,3.99,2,"2005-05-25 06:05:20",Toulouse,France
JENNY,CASTRO,1.99,2,"2005-05-25 06:20:46",Ponce,"Puerto Rico"
GENE,SANBORN,2.99,1,"2005-05-25 06:39:35",Salala,Oman
CAROL,GARCIA,2.99,2,"2005-05-25 06:44:53",Kaduna,Nigeria
MABEL,HOLLAND,4.99,2,"2005-05-25 06:49:10",Monywa,Myanmar
EDGAR,RHOADS,0.99,2,"2005-05-25 06:51:29",Eskisehir,Turkey
DAVE,GARDINER,4.99,2,"2005-05-25 07:19:16",Leshan,China
TONI,HOLT,4.99,1,"2005-05-25 07:23:25",Roanoke,"United States"
MONICA,HICKS,2.99,2,"2005-05-25 08:26:13",Mukatševe,Ukraine
CHESTER,BENNER,2.99,1,"2005-05-25 08:28:11",Suihua,China
JENNIFER,DAVIS,4.99,2,"2005-05-25 08:43:32",Laredo,"United States"
MATTHEW,MAHAN,4.99,2,"2005-05-25 08:53:14",Cuautla,Mexico
MANUEL,MURRELL,5.99,1,"2005-05-25 08:56:42",Jaffna,"Sri Lanka"
GORDON,ALLARD,2.99,1,"2005-05-25 08:58:25",Hodeida,Yemen
JO,FOWLER,5.99,2,"2005-05-25 09:01:57",Oyo,Nigeria
CHAD,CARBONE,2.99,1,"2005-05-25 09:18:52",Katihar,India
MARTIN,BALES,0.99,1,"2005-05-25 09:19:16",Namibe,Angola
HARRY,ARCE,5.99,1,"2005-05-25 09:21:29",Najafabad,Iran
ARTHUR,SIMPKINS,4.99,1,"2005-05-25 09:32:03",Maikop,"Russian Federation"
JACQUELINE,LONG,1.99,2,"2005-05-25 09:35:12",Songkhla,Thailand
SHERRY,MARSHALL,0.99,1,"2005-05-25 09:41:01","Shubra al-Khayma",Egypt
SYLVIA,ORTIZ,7.99,2,"2005-05-25 09:47:31","Dos Quebradas",Colombia
RICHARD,MCCRARY,2.99,1,"2005-05-25 10:10:14",Arlington,"United States"
BEVERLY,BROOKS,2.99,2,"2005-05-25 10:15:23",Chiayi,Taiwan
ROBIN,HAYES,0.99,1,"2005-05-25 10:26:39",Jelets,"Russian Federation"
ANN,EVANS,0.99,1,"2005-05-25 10:52:13",Niznekamsk,"Russian Federation"
CLARENCE,GAMEZ,4.99,1,"2005-05-25 11:00:07",Izumisano,Japan
JENNIE,TERRY,0.99,2,"2005-05-25 11:09:48",Olomouc,"Czech Republic"
BEN,EASTER,8.99,2,"2005-05-25 11:13:34",Kamyšin,"Russian Federation"
MARY,SMITH,2.99,1,"2005-05-25 11:30:37",Sasebo,Japan
JIM,REA,0.99,1,"2005-05-25 11:31:59","El Fuerte",Mexico
JUANITA,MASON,5.99,2,"2005-05-25 11:35:18",Pune,India
COURTNEY,DAY,4.99,1,"2005-05-25 12:11:07",Uijongbu,"South Korea"
GEORGE,LINTON,5.99,1,"2005-05-25 12:12:07",Sorocaba,Brazil
VELMA,LUCAS,6.99,1,"2005-05-25 12:15:19",Effon-Alaiye,Nigeria
JESUS,MCCARTNEY,6.99,2,"2005-05-25 12:17:46",Guarujá,Brazil
MONICA,HICKS,4.99,2,"2005-05-25 12:30:15",Mukatševe,Ukraine
LESTER,KRAUS,2.99,2,"2005-05-25 12:36:30",Kanchrapara,India
VINCENT,RALSTON,4.99,1,"2005-05-25 13:05:34",Allende,Mexico
NORA,HERRERA,1.99,2,"2005-05-25 13:36:12",Salzburg,Austria
ERIC,ROBERT,0.99,1,"2005-05-25 13:52:43","Santa Fé",Argentina
HEATHER,MORRIS,3.99,1,"2005-05-25 14:13:54",Nagareyama,Japan
MARC,OUTLAW,2.99,2,"2005-05-25 14:28:29",Brindisi,Italy
DEBORAH,WALKER,7.99,1,"2005-05-25 14:31:25",Shikarpur,Pakistan
MARGIE,WADE,6.99,1,"2005-05-25 14:57:22",Lengshuijiang,China
MICHAEL,SILVERMAN,5.99,1,"2005-05-25 15:38:46",Tiefa,China
BOBBIE,CRAIG,3.99,1,"2005-05-25 15:54:16","Valle de Santiago",Mexico
SUE,PETERS,2.99,2,"2005-05-25 16:03:42",Changzhou,China
BRYAN,HARDISON,3.99,2,"2005-05-25 16:12:52",Dallas,"United States"
JOYCE,EDWARDS,1.99,2,"2005-05-25 16:32:19",Jedda,"Saudi Arabia"
HILDA,HOPKINS,4.99,1,"2005-05-25 16:34:24",Mandaluyong,Philippines
CASSANDRA,WALTERS,0.99,1,"2005-05-25 16:48:24",Salinas,"United States"
MARIE,TURNER,4.99,1,"2005-05-25 16:50:20",Lipetsk,"Russian Federation"
LUCY,WHEELER,4.99,1,"2005-05-25 16:50:28",Balurghat,India
TIM,CARY,6.99,1,"2005-05-25 17:17:04",Bijapur,India
DOUGLAS,GRAF,3.99,1,"2005-05-25 17:22:10",Mexicali,Mexico
ERNEST,STEPP,4.99,2,"2005-05-25 17:30:42",Huai´an,China
DANIEL,CABRAL,0.99,2,"2005-05-25 17:46:33",Ibirité,Brazil
TRACY,COLE,4.99,1,"2005-05-25 17:54:12",Huixquilucan,Mexico
ALMA,AUSTIN,11.99,1,"2005-05-25 18:18:19",Mannheim,Germany
EDWARD,BAUGH,6.99,2,"2005-05-25 18:28:09",Tórshavn,"Faroe Islands"
GLENDA,FRAZIER,2.99,1,"2005-05-25 18:30:05",Qinhuangdao,China
ANGEL,BARCLAY,1.99,1,"2005-05-25 18:40:20",Ueda,Japan
RUTH,MARTINEZ,9.99,1,"2005-05-25 18:43:49",Kimberley,"South Africa"
COLLEEN,BURTON,4.99,1,"2005-05-25 18:45:19",Saarbrücken,Germany
REGINALD,KINDER,8.99,1,"2005-05-25 18:57:24",Madiun,Indonesia
PHYLLIS,FOSTER,2.99,1,"2005-05-25 19:07:40",Zalantun,China
LESLIE,SEWARD,3.99,2,"2005-05-25 19:12:42",Pontianak,Indonesia
JON,WILES,0.99,2,"2005-05-25 19:13:25","El Alto",Bolivia
CAROL,GARCIA,4.99,2,"2005-05-25 19:27:51",Kaduna,Nigeria
MARIA,MILLER,0.99,1,"2005-05-25 19:30:46",Kragujevac,Yugoslavia
JARED,ELY,0.99,1,"2005-05-25 19:31:18",Purwakarta,Indonesia
ALICE,STEWART,4.99,1,"2005-05-25 19:37:02",Fontana,"United States"
BRUCE,SCHWARZ,5.99,2,"2005-05-25 19:37:47",Okinawa,Japan
LEONARD,SCHOFIELD,2.99,1,"2005-05-25 19:41:29",Tandil,Argentina
PRISCILLA,LOWE,3.99,2,"2005-05-25 19:46:21",Salamanca,Mexico
CHRISTINE,ROBERTS,4.99,2,"2005-05-25 20:26:42",Faaa,"French Polynesia"
MARIAN,MENDOZA,6.99,1,"2005-05-25 20:46:11",Maringá,Brazil
HARRY,ARCE,5.99,1,"2005-05-25 20:48:50",Najafabad,Iran
ALEXANDER,FENNELL,2.99,2,"2005-05-25 21:07:59",Bergamo,Italy
NORMA,GONZALES,2.99,1,"2005-05-25 21:10:40",Bislig,Philippines
AMANDA,CARTER,4.99,2,"2005-05-25 21:19:53",Nador,Morocco
SARAH,LEWIS,8.99,2,"2005-05-25 21:20:03",Liepaja,Latvia
GLORIA,COOK,3.99,1,"2005-05-25 21:21:56",Papeete,"French Polynesia"
TIMOTHY,BUNN,5.99,1,"2005-05-25 21:42:46",Brasília,Brazil
ZACHARY,HITE,3.99,1,"2005-05-25 21:46:54",Akron,"United States"
TANYA,GILBERT,0.99,1,"2005-05-25 21:48:30",Naju,"South Korea"
DELORES,HANSEN,4.99,2,"2005-05-25 21:48:41",Jaroslavl,"Russian Federation"
DAVID,ROYAL,10.99,2,"2005-05-25 21:58:58",Callao,Peru
NATHANIEL,ADAM,5.99,1,"2005-05-25 22:02:30",Joliet,"United States"
JORDAN,ARCHULETA,2.99,1,"2005-05-25 22:25:18",Avellaneda,Argentina
KIRK,STCLAIR,4.99,1,"2005-05-25 22:48:22",Tsaotun,Taiwan
MARSHA,DOUGLAS,2.99,2,"2005-05-25 23:00:21",Beira,Mozambique
JUSTIN,NGO,0.99,2,"2005-05-25 23:34:22","Santo André",Brazil
JULIA,FLORES,2.99,1,"2005-05-25 23:34:53","La Plata",Argentina
GREG,ROBINS,0.99,1,"2005-05-25 23:43:47","Nam Dinh",Vietnam
SHERRI,RHODES,0.99,1,"2005-05-25 23:45:52",Ahmadnagar,India
KEITH,RICO,2.99,1,"2005-05-25 23:49:56",Bratislava,Slovakia
KATHRYN,COLEMAN,2.99,1,"2005-05-25 23:59:03",Simferopol,Ukraine
DON,BONE,8.99,1,"2005-05-26 00:07:11",Naçala-Porto,Mozambique
NAOMI,JENNINGS,2.99,1,"2005-05-26 00:17:50",Karnal,India
APRIL,BURNS,0.99,1,"2005-05-26 00:25:23",Dundee,"United Kingdom"
RONALD,WEINER,3.99,2,"2005-05-26 00:28:05","San Felipe del Progreso",Mexico
FREDERICK,ISBELL,5.99,2,"2005-05-26 00:28:39",Tsuyama,Japan
BETTY,WHITE,0.99,2,"2005-05-26 00:37:28","Citrus Heights","United States"
EVELYN,MORGAN,9.99,2,"2005-05-26 00:41:10",Vaduz,Liechtenstein
ROGER,QUINTANILLA,0.99,2,"2005-05-26 00:47:47",Hsichuh,Taiwan
ROBERTA,HARPER,0.99,1,"2005-05-26 00:55:56","Shahr-e Kord",Iran
CLAYTON,BARBEE,7.99,2,"2005-05-26 01:15:05",Alvorada,Brazil
WARREN,SHERROD,2.99,2,"2005-05-26 01:19:05",Usolje-Sibirskoje,"Russian Federation"
HENRY,BILLINGSLEY,2.99,1,"2005-05-26 01:25:21",Nuku´alofa,Tonga
JUSTIN,NGO,1.99,2,"2005-05-26 01:27:11","Santo André",Brazil
RAFAEL,ABNEY,2.99,1,"2005-05-26 01:34:28",Talavera,Philippines
KRISTINA,CHAMBERS,2.99,1,"2005-05-26 01:46:20","Valle de la Pascua",Venezuela
RENEE,LANE,0.99,1,"2005-05-26 01:51:48",Compton,"United States"
RAMONA,HALE,4.99,2,"2005-05-26 02:02:05",Patiala,India
RITA,GRAHAM,10.99,1,"2005-05-26 02:26:23",Toulon,France
MEGAN,PALMER,4.99,2,"2005-05-26 02:26:49",Laiwu,China
ANNA,HILL,2.99,2,"2005-05-26 02:28:36",Alessandria,Italy
JASON,MORRISSEY,0.99,1,"2005-05-26 02:49:11","Bahía Blanca",Argentina
TONY,CARRANZA,4.99,2,"2005-05-26 02:50:31",Koriyama,Japan
WESLEY,BULL,0.99,2,"2005-05-26 03:07:43","Ourense (Orense)",Spain
BOBBY,BOUDREAU,0.99,2,"2005-05-26 03:09:30","South Hill",Anguilla
FLORENCE,WOODS,5.99,1,"2005-05-26 03:11:12",Merlo,Argentina
BRYAN,HARDISON,6.99,2,"2005-05-26 03:14:15",Dallas,"United States"
JUNE,CARROLL,0.99,1,"2005-05-26 03:17:42",Skikda,Algeria
JESSIE,MILAM,0.99,1,"2005-05-26 03:42:10",Binzhou,China
HUGH,WALDROP,0.99,2,"2005-05-26 03:44:10",Haining,China
FRANCES,PARKER,3.99,1,"2005-05-26 03:46:26","Juazeiro do Norte",Brazil
JO,FOWLER,3.99,2,"2005-05-26 03:47:39",Oyo,Nigeria
ALLAN,CORNISH,6.99,1,"2005-05-26 04:14:29",Tarlac,Philippines
ALMA,AUSTIN,5.99,1,"2005-05-26 04:21:46",Mannheim,Germany
RUTH,MARTINEZ,6.99,1,"2005-05-26 04:26:06",Kimberley,"South Africa"
TAMMY,SANDERS,4.99,2,"2005-05-26 04:46:23",Changhwa,Taiwan
SERGIO,STANFIELD,4.99,1,"2005-05-26 04:47:06",Celaya,Mexico
TANYA,GILBERT,4.99,1,"2005-05-26 04:49:17",Naju,"South Korea"
MAXINE,SILVA,2.99,2,"2005-05-26 05:01:18","Poços de Caldas",Brazil
ARMANDO,GRUBER,0.99,2,"2005-05-26 05:29:49",Southport,"United Kingdom"
ETHEL,WEBB,3.99,1,"2005-05-26 05:30:03",Boksburg,"South Africa"
TIM,CARY,4.99,1,"2005-05-26 05:32:52",Bijapur,India
ANDRE,RAPP,8.99,1,"2005-05-26 05:42:37",Coquimbo,Chile
LYDIA,BURKE,4.99,1,"2005-05-26 05:47:12","San Miguel de Tucumán",Argentina
STELLA,MORENO,4.99,1,"2005-05-26 06:01:41","Coacalco de Berriozábal",Mexico
JESSIE,MILAM,1.99,1,"2005-05-26 06:11:28",Binzhou,China
ALLEN,BUTTERFIELD,0.99,2,"2005-05-26 06:14:06",Hoshiarpur,India
RANDALL,NEUMANN,2.99,2,"2005-05-26 06:20:37","La Romana","Dominican Republic"
LEAH,CURTIS,1.99,1,"2005-05-26 06:41:48",Kalisz,Poland
ANGELA,HERNANDEZ,1.99,2,"2005-05-26 06:52:33",Shimonoseki,Japan
BOB,PFEIFFER,5.99,2,"2005-05-26 06:52:36",Xintai,China
VIVIAN,RUIZ,2.99,1,"2005-05-26 06:55:58",´s-Hertogenbosch,Netherlands
KELLY,KNOTT,5.99,1,"2005-05-26 06:59:21",Sanya,China
TERESA,ROGERS,4.99,1,"2005-05-26 07:03:49",Iwakuni,Japan
KATHY,JAMES,2.99,1,"2005-05-26 07:11:58",Baybay,Philippines
KEVIN,SCHULER,4.99,1,"2005-05-26 07:12:21",Birgunj,Nepal
MARCUS,HIDALGO,8.99,2,"2005-05-26 07:13:45",Tartu,Estonia
SHARON,ROBINSON,2.99,2,"2005-05-26 07:27:36",Mardan,Pakistan
EDNA,WEST,5.99,2,"2005-05-26 07:27:57",Klerksdorp,"South Africa"
CLAUDE,HERZOG,0.99,1,"2005-05-26 07:30:37",Benguela,Angola
GRACE,ELLIS,4.99,2,"2005-05-26 07:59:37",Duisburg,Germany
CARL,ARTIS,0.99,1,"2005-05-26 08:01:54","San Lorenzo",Paraguay
FRANCES,PARKER,4.99,1,"2005-05-26 08:04:38","Juazeiro do Norte",Brazil
NAOMI,JENNINGS,4.99,1,"2005-05-26 08:10:22",Karnal,India
CARLOS,COUGHLIN,4.99,1,"2005-05-26 08:14:01",Bhavnagar,India
CLARENCE,GAMEZ,2.99,1,"2005-05-26 08:14:15",Izumisano,Japan
BEATRICE,ARNOLD,2.99,1,"2005-05-26 08:33:10",Udaipur,India
CHERYL,MURPHY,4.99,1,"2005-05-26 08:34:41",Mysore,India
CHRIS,BROTHERS,3.99,2,"2005-05-26 08:44:08",Gijón,Spain
LILLIAN,GRIFFIN,3.99,1,"2005-05-26 08:48:49",al-Ayn,"United Arab Emirates"
SUE,PETERS,0.99,2,"2005-05-26 09:02:47",Changzhou,China
LOIS,BUTLER,5.99,2,"2005-05-26 09:17:43","Bandar Seri Begawan",Brunei
JOSEPHINE,GOMEZ,4.99,1,"2005-05-26 09:24:26",Etawah,India
CHRISTOPHER,GRECO,6.99,1,"2005-05-26 09:27:09",Brescia,Italy
RICARDO,MEADOR,4.99,1,"2005-05-26 09:41:45",Okayama,Japan
LONNIE,TIRADO,4.99,2,"2005-05-26 10:06:49","Pangkal Pinang",Indonesia
LESLIE,GORDON,2.99,1,"2005-05-26 10:14:09",Kilis,Turkey
LOUISE,JENKINS,0.99,1,"2005-05-26 10:14:38",Springs,"South Africa"
LEON,BOSTIC,4.99,1,"2005-05-26 10:15:23",Florencia,Colombia
BRIAN,WYMAN,9.99,1,"2005-05-26 10:18:27",Bydgoszcz,Poland
ALVIN,DELOACH,4.99,2,"2005-05-26 10:27:50",Cuauhtémoc,Mexico
BESSIE,MORRISON,4.99,1,"2005-05-26 10:44:04",Syrakusa,Italy
ROBERT,BAUGHMAN,5.99,2,"2005-05-26 10:51:46",Kaliningrad,"Russian Federation"
JOHNNIE,CHISHOLM,9.99,2,"2005-05-26 10:54:28",Plock,Poland
MARK,RINEHART,4.99,2,"2005-05-26 11:19:20",Tabuk,"Saudi Arabia"
JEAN,BELL,0.99,1,"2005-05-26 11:31:50",Kuching,Malaysia
BRUCE,SCHWARZ,4.99,2,"2005-05-26 11:31:59",Okinawa,Japan
MABEL,HOLLAND,0.99,2,"2005-05-26 11:38:05",Monywa,Myanmar
JAMIE,WAUGH,4.99,2,"2005-05-26 11:43:44",Kuwana,Japan
CASEY,MENA,5.99,1,"2005-05-26 11:47:20",Tokat,Turkey
SHERRY,MARSHALL,5.99,1,"2005-05-26 11:51:09","Shubra al-Khayma",Egypt
THEODORE,CULP,0.99,2,"2005-05-26 11:53:49",Uluberia,India
FERNANDO,CHURCHILL,0.99,2,"2005-05-26 12:15:13",Tonghae,"South Korea"
STACEY,MONTGOMERY,4.99,1,"2005-05-26 12:30:22",Fuyu,China
JOYCE,EDWARDS,3.99,2,"2005-05-26 12:30:26",Jedda,"Saudi Arabia"
GLADYS,HAMILTON,7.99,1,"2005-05-26 12:40:23",Ilorin,Nigeria
COURTNEY,DAY,0.99,1,"2005-05-26 12:49:01",Uijongbu,"South Korea"
KRISTIN,JOHNSTON,1.99,1,"2005-05-26 13:05:08",Sunnyvale,"United States"
LANCE,PEMBERTON,6.99,1,"2005-05-26 13:06:05",Beni-Mellal,Morocco
MARSHA,DOUGLAS,2.99,2,"2005-05-26 13:40:40",Beira,Mozambique
VERONICA,STONE,4.99,1,"2005-05-26 13:46:59",Greensboro,"United States"
MARLENE,WELCH,2.99,1,"2005-05-26 13:57:07",Iwaki,Japan
CRYSTAL,FORD,4.99,1,"2005-05-26 14:01:05",Ashdod,Israel
JULIO,NOLAND,0.99,2,"2005-05-26 14:07:58",Konotop,Ukraine
GREG,ROBINS,2.99,1,"2005-05-26 14:19:09","Nam Dinh",Vietnam
MATHEW,BOLIN,4.99,1,"2005-05-26 14:30:24",Valencia,Venezuela
ROSEMARY,SCHMIDT,0.99,1,"2005-05-26 14:35:40",Usak,Turkey
BRITTANY,RILEY,7.99,2,"2005-05-26 14:39:53",Sumy,Ukraine
JEFFERY,PINSON,0.99,2,"2005-05-26 14:43:14",Dadu,Pakistan
SHAWN,HEATON,4.99,1,"2005-05-26 14:43:48","Nakhon Sawan",Thailand
GRACE,ELLIS,4.99,2,"2005-05-26 14:52:15",Duisburg,Germany
TROY,QUIGLEY,3.99,1,"2005-05-26 15:20:58",Vancouver,Canada
LOUIS,LEONE,4.99,1,"2005-05-26 15:27:05",Tanauan,Philippines
BRETT,CORNWELL,2.99,1,"2005-05-26 15:28:14","Siliguri (Shiliguri)",India
MAURICE,CRAWLEY,8.99,1,"2005-05-26 15:32:46",Coatzacoalcos,Mexico
MICHELLE,CLARK,3.99,1,"2005-05-26 15:42:20",Tangail,Bangladesh
VINCENT,RALSTON,3.99,1,"2005-05-26 15:44:23",Allende,Mexico
MARCIA,DEAN,2.99,1,"2005-05-26 15:46:56",Tanza,Philippines
OSCAR,AQUINO,4.99,2,"2005-05-26 15:47:40",Sirjan,Iran
VICKIE,BREWER,2.99,2,"2005-05-26 16:00:49",Halle/Saale,Germany
WILLIAM,SATTERFIELD,0.99,2,"2005-05-26 16:07:38",Sanaa,Yemen
HILDA,HOPKINS,0.99,1,"2005-05-26 16:08:05",Mandaluyong,Philippines
TRAVIS,ESTEP,4.99,1,"2005-05-26 16:16:21",al-Qatif,"Saudi Arabia"
TAMMY,SANDERS,0.99,2,"2005-05-26 16:19:08",Changhwa,Taiwan
JASON,MORRISSEY,4.99,1,"2005-05-26 16:19:46","Bahía Blanca",Argentina
JEANNE,LAWSON,9.99,2,"2005-05-26 16:20:56",Ashgabat,Turkmenistan
TINA,SIMMONS,5.99,2,"2005-05-26 16:22:01",Goiânia,Brazil
KATHY,JAMES,9.99,1,"2005-05-26 16:27:11",Baybay,Philippines
KATIE,ELLIOTT,2.99,2,"2005-05-26 16:29:36",Kisumu,Kenya
PAUL,TROUT,5.99,2,"2005-05-26 16:48:51",Kursk,"Russian Federation"
PAULINE,HENRY,6.99,1,"2005-05-26 17:09:53",Torreón,Mexico
JEAN,BELL,7.99,1,"2005-05-26 17:16:07",Kuching,Malaysia
JANET,PHILLIPS,2.99,1,"2005-05-26 17:32:11",Antofagasta,Chile
KRISTIN,JOHNSTON,3.99,1,"2005-05-26 17:40:58",Sunnyvale,"United States"
ERNEST,STEPP,2.99,2,"2005-05-26 18:02:50",Huai´an,China
SALLY,PIERCE,2.99,2,"2005-05-26 18:36:58",Chandrapur,India
ANDY,VANHORN,0.99,2,"2005-05-26 18:49:35","Huejutla de Reyes",Mexico
JENNY,CASTRO,6.99,2,"2005-05-26 18:56:26",Ponce,"Puerto Rico"
GLENDA,FRAZIER,3.99,1,"2005-05-26 19:05:05",Qinhuangdao,China
WILLIE,MARKHAM,8.99,2,"2005-05-26 19:21:44","Almirante Brown",Argentina
LAUREN,HUDSON,1.99,2,"2005-05-26 19:41:40","Le Mans",France
BILLY,POULIN,6.99,1,"2005-05-26 19:44:51",Cabuyao,Philippines
DONNA,THOMPSON,2.99,1,"2005-05-26 19:44:54",Elista,"Russian Federation"
KATHRYN,COLEMAN,8.99,1,"2005-05-26 19:47:49",Simferopol,Ukraine
ANDREA,HENDERSON,0.99,1,"2005-05-26 20:01:09",Mahajanga,Madagascar
FREDERICK,ISBELL,2.99,2,"2005-05-26 20:08:33",Tsuyama,Japan
CLIFTON,MALCOLM,5.99,2,"2005-05-26 20:20:47",Tanshui,Taiwan
ANDRE,RAPP,6.99,1,"2005-05-26 20:22:12",Coquimbo,Chile
VERONICA,STONE,5.99,1,"2005-05-26 20:27:02",Greensboro,"United States"
FRED,WHEAT,4.99,2,"2005-05-26 20:29:57",Juárez,Mexico
ROSE,HOWARD,4.99,2,"2005-05-26 20:33:20",Cayenne,"French Guiana"
TIM,CARY,6.99,1,"2005-05-26 20:35:19",Bijapur,India
ANN,EVANS,2.99,1,"2005-05-26 20:48:48",Niznekamsk,"Russian Federation"
LEON,BOSTIC,0.99,1,"2005-05-26 20:52:26",Florencia,Colombia
MIGUEL,BETANCOURT,4.99,1,"2005-05-26 20:55:36",Erlangen,Germany
FRANCES,PARKER,6.99,1,"2005-05-26 20:57:00","Juazeiro do Norte",Brazil
NAOMI,JENNINGS,2.99,1,"2005-05-26 21:06:14",Karnal,India
JESSE,SCHILLING,4.99,2,"2005-05-26 21:13:46",Lubumbashi,"Congo, The Democratic Republic of the"
ENRIQUE,FORSYTHE,4.99,1,"2005-05-26 21:16:52",Patras,Greece
CHRISTIAN,JUNG,5.99,1,"2005-05-26 21:21:28",Amroha,India
JEROME,KENYON,3.99,1,"2005-05-26 21:22:07",Rancagua,Chile
KURT,EMMONS,0.99,1,"2005-05-26 21:31:57",Kanazawa,Japan
AARON,SELBY,8.99,2,"2005-05-26 21:48:13",Mwene-Ditu,"Congo, The Democratic Republic of the"
OLGA,JIMENEZ,6.99,2,"2005-05-26 22:01:39",Ogbomosho,Nigeria
VICKIE,BREWER,1.99,2,"2005-05-26 22:38:10",Halle/Saale,Germany
RODNEY,MOELLER,6.99,2,"2005-05-26 22:41:07","Deba Habe",Nigeria
VICKI,FIELDS,3.99,1,"2005-05-26 22:51:37",Witten,Germany
LESLIE,GORDON,2.99,1,"2005-05-26 22:52:19",Kilis,Turkey
EDUARDO,HIATT,4.99,1,"2005-05-26 22:56:19",Jining,China
TARA,RYAN,0.99,1,"2005-05-26 23:09:41",Gorontalo,Indonesia
NELLIE,GARRETT,4.99,1,"2005-05-26 23:12:55",Shimoga,India
DORA,MEDINA,4.99,2,"2005-05-26 23:22:55",Tianjin,China
CLARENCE,GAMEZ,5.99,1,"2005-05-26 23:23:56",Izumisano,Japan
MILDRED,BAILEY,4.99,1,"2005-05-26 23:37:39",Jaipur,India
JANE,BENNETT,2.99,2,"2005-05-26 23:52:13",Araçatuba,Brazil
PATRICIA,JOHNSON,4.99,1,"2005-05-27 00:09:24","San Bernardino","United States"
TYLER,WREN,4.99,2,"2005-05-27 00:47:35",Rizhao,China
CLARA,SHAW,2.99,1,"2005-05-27 00:49:27",Molodetšno,Belarus
MISTY,LAMBERT,0.99,2,"2005-05-27 01:00:04",Sharja,"United Arab Emirates"
OSCAR,AQUINO,5.99,2,"2005-05-27 01:09:55",Sirjan,Iran
EDWIN,BURK,7.99,1,"2005-05-27 01:10:11",Newcastle,"South Africa"
DAWN,SULLIVAN,8.99,1,"2005-05-27 01:18:57",Funafuti,Tuvalu
JIM,REA,2.99,1,"2005-05-27 01:29:31","El Fuerte",Mexico
GEORGIA,JACOBS,5.99,1,"2005-05-27 01:57:14",Uttarpara-Kotrung,India
CAROLINE,BOWMAN,7.99,1,"2005-05-27 02:15:30",Tallahassee,"United States"
KELLY,TORRES,9.99,1,"2005-05-27 02:22:26",Xi´angtan,China
JAMES,GANNON,5.99,2,"2005-05-27 02:27:10",Hiroshima,Japan
ALLEN,BUTTERFIELD,4.99,2,"2005-05-27 02:52:21",Hoshiarpur,India
KRISTEN,CHAVEZ,4.99,2,"2005-05-27 03:03:07",Hino,Japan
SANDRA,MARTIN,3.99,2,"2005-05-27 03:07:10",Southend-on-Sea,"United Kingdom"
CAROLE,BARNETT,2.99,2,"2005-05-27 03:15:23",Peoria,"United States"
RUTH,MARTINEZ,2.99,1,"2005-05-27 03:22:30",Kimberley,"South Africa"
LORRAINE,STEPHENS,4.99,2,"2005-05-27 03:42:52",Hami,China
ELMER,NOE,3.99,2,"2005-05-27 03:47:18",Battambang,Cambodia
TONYA,CHAPMAN,9.99,2,"2005-05-27 03:55:25",Bhilwara,India
GLORIA,COOK,5.99,1,"2005-05-27 04:01:42",Papeete,"French Polynesia"
MATHEW,BOLIN,0.99,1,"2005-05-27 04:11:04",Valencia,Venezuela
JON,WILES,0.99,2,"2005-05-27 04:13:41","El Alto",Bolivia
MARCIA,DEAN,2.99,1,"2005-05-27 04:30:22",Tanza,Philippines
CLARA,SHAW,2.99,1,"2005-05-27 04:32:25",Molodetšno,Belarus
BETTY,WHITE,9.99,2,"2005-05-27 04:34:41","Citrus Heights","United States"
EUGENE,CULPEPPER,0.99,1,"2005-05-27 04:40:33",Shenzhen,China
JORGE,OLIVARES,4.99,2,"2005-05-27 04:50:56",Lhokseumawe,Indonesia
KATHLEEN,ADAMS,0.99,2,"2005-05-27 04:53:11",Arak,Iran
MARGARET,MOORE,4.99,2,"2005-05-27 05:01:28",Masqat,Oman
KIM,CRUZ,5.99,1,"2005-05-27 05:39:03","Grand Prairie","United States"
DARLENE,ROSE,0.99,2,"2005-05-27 05:48:19",Pyongyang,"North Korea"
ANGEL,BARCLAY,5.99,1,"2005-05-27 06:03:39",Ueda,Japan
TOM,MILNER,2.99,1,"2005-05-27 06:12:26","Abu Dhabi","United Arab Emirates"
THEODORE,CULP,4.99,2,"2005-05-27 06:15:33",Uluberia,India
VICTOR,BARKLEY,2.99,2,"2005-05-27 06:32:30",Manchester,"United States"
ELSIE,KELLEY,0.99,2,"2005-05-27 06:37:15",Ikerre,Nigeria
CRYSTAL,FORD,0.99,1,"2005-05-27 06:43:59",Ashdod,Israel
ALICIA,MILLS,4.99,1,"2005-05-27 06:48:33",Nagaon,India
EDUARDO,HIATT,8.99,1,"2005-05-27 06:51:14",Jining,China
SERGIO,STANFIELD,0.99,1,"2005-05-27 07:03:28",Celaya,Mexico
JOANNE,ROBERTSON,0.99,2,"2005-05-27 07:10:25",Urawa,Japan
CARL,ARTIS,0.99,1,"2005-05-27 07:14:00","San Lorenzo",Paraguay
RAY,HOULE,4.99,1,"2005-05-27 07:20:12",Dzerzinsk,"Russian Federation"
SALLY,PIERCE,2.99,2,"2005-05-27 07:31:20",Chandrapur,India
EMMA,BOYD,3.99,1,"2005-05-27 07:33:54",Qalyub,Egypt
ALEXANDER,FENNELL,0.99,2,"2005-05-27 07:37:02",Bergamo,Italy
LAWRENCE,LAWTON,5.99,2,"2005-05-27 07:42:29",Yaoundé,Cameroon
MILTON,HOWLAND,2.99,2,"2005-05-27 07:46:49",Vijayawada,India
LAURA,RODRIGUEZ,4.99,1,"2005-05-27 07:49:43",Salé,Morocco
DAISY,BATES,3.99,1,"2005-05-27 08:08:18",Kolpino,"Russian Federation"
BEN,EASTER,5.99,2,"2005-05-27 08:13:58",Kamyšin,"Russian Federation"
JEROME,KENYON,1.99,1,"2005-05-27 08:16:25",Rancagua,Chile
JERRY,JORDON,6.99,1,"2005-05-27 08:26:30",Onomichi,Japan
CHARLES,KOWALSKI,3.99,1,"2005-05-27 08:49:21","Sungai Petani",Malaysia
LONNIE,TIRADO,4.99,2,"2005-05-27 08:58:15","Pangkal Pinang",Indonesia
BEATRICE,ARNOLD,5.99,1,"2005-05-27 09:04:05",Udaipur,India
HEATHER,MORRIS,2.99,1,"2005-05-27 09:23:22",Nagareyama,Japan
SALVADOR,TEEL,4.99,2,"2005-05-27 09:25:32",Banjul,Gambia
JUNE,CARROLL,6.99,1,"2005-05-27 09:34:39",Skikda,Algeria
BILLY,POULIN,4.99,1,"2005-05-27 09:43:25",Cabuyao,Philippines
IDA,ANDREWS,0.99,2,"2005-05-27 10:12:00",Luziânia,Brazil
ERIKA,PENA,3.99,1,"2005-05-27 10:12:20",Oulu,Finland
BILLY,POULIN,5.99,1,"2005-05-27 10:18:20",Cabuyao,Philippines
GINA,WILLIAMSON,0.99,1,"2005-05-27 10:23:25",Taizz,Yemen
EDNA,WEST,0.99,2,"2005-05-27 10:26:31",Klerksdorp,"South Africa"
LESLIE,SEWARD,2.99,2,"2005-05-27 10:35:27",Pontianak,Indonesia
CYNTHIA,YOUNG,2.99,1,"2005-05-27 10:37:27","Munger (Monghyr)",India
REGINALD,KINDER,8.99,1,"2005-05-27 10:45:41",Madiun,Indonesia
ANN,EVANS,4.99,1,"2005-05-27 11:02:26",Niznekamsk,"Russian Federation"
SUE,PETERS,2.99,2,"2005-05-27 11:03:55",Changzhou,China
WILLIE,MARKHAM,2.99,2,"2005-05-27 11:14:42","Almirante Brown",Argentina
VICKIE,BREWER,2.99,2,"2005-05-27 11:18:25",Halle/Saale,Germany
NAOMI,JENNINGS,5.99,1,"2005-05-27 11:26:11",Karnal,India
ISAAC,OGLESBY,0.99,2,"2005-05-27 11:45:49",Cuernavaca,Mexico
ROSA,REYNOLDS,0.99,2,"2005-05-27 11:47:04",Lancaster,"United States"
CODY,NOLEN,2.99,2,"2005-05-27 12:29:02","São Bernardo do Campo",Brazil
MELVIN,ELLINGTON,0.99,1,"2005-05-27 12:44:03",Laohekou,China
ROSEMARY,SCHMIDT,4.99,1,"2005-05-27 12:48:38",Usak,Turkey
DORA,MEDINA,2.99,2,"2005-05-27 12:51:44",Tianjin,China
CATHERINE,CAMPBELL,2.99,2,"2005-05-27 12:57:55",Moscow,"Russian Federation"
JUSTIN,NGO,0.99,2,"2005-05-27 13:17:18","Santo André",Brazil
KYLE,SPURLOCK,0.99,2,"2005-05-27 13:28:52",Shanwei,China
REGINA,BERRY,0.99,1,"2005-05-27 13:31:51",Jinchang,China
KAY,CALDWELL,6.99,1,"2005-05-27 13:32:39",Yantai,China
BOBBY,BOUDREAU,2.99,2,"2005-05-27 13:46:46","South Hill",Anguilla
MARIE,TURNER,2.99,1,"2005-05-27 13:57:38",Lipetsk,"Russian Federation"
SARA,PERRY,0.99,2,"2005-05-27 13:57:39",Atlixco,Mexico
CHARLENE,ALVAREZ,0.99,2,"2005-05-27 14:10:58",Zanzibar,Tanzania
LESLIE,SEWARD,3.99,2,"2005-05-27 14:11:22",Pontianak,Indonesia
CRAIG,MORRELL,4.99,2,"2005-05-27 14:14:14",Cavite,Philippines
AARON,SELBY,4.99,2,"2005-05-27 14:17:23",Mwene-Ditu,"Congo, The Democratic Republic of the"
JOSEPH,JOY,4.99,2,"2005-05-27 14:45:37","Angra dos Reis",Brazil
WILLIE,HOWELL,0.99,2,"2005-05-27 14:48:20","Vicente López",Argentina
DAVID,ROYAL,0.99,2,"2005-05-27 14:51:45",Callao,Peru
DELORES,HANSEN,0.99,2,"2005-05-27 15:02:10",Jaroslavl,"Russian Federation"
PEDRO,CHESTNUT,4.99,2,"2005-05-27 15:07:27",Šostka,Ukraine
MEGAN,PALMER,5.99,2,"2005-05-27 15:13:17",Laiwu,China
JANE,BENNETT,1.99,2,"2005-05-27 15:15:11",Araçatuba,Brazil
PHYLLIS,FOSTER,6.99,1,"2005-05-27 15:19:38",Zalantun,China
MARIAN,MENDOZA,8.99,1,"2005-05-27 15:30:13",Maringá,Brazil
DANIELLE,DANIELS,3.99,2,"2005-05-27 15:31:55",Hidalgo,Mexico
SONIA,GREGORY,0.99,1,"2005-05-27 15:32:57","Benin City",Nigeria
VIRGINIA,GREEN,6.99,2,"2005-05-27 15:34:01",Toulouse,France
RENEE,LANE,3.99,1,"2005-05-27 15:51:30",Compton,"United States"
ARNOLD,HAVENS,5.99,2,"2005-05-27 15:56:57","Santa Rosa",Philippines
BOBBIE,CRAIG,6.99,1,"2005-05-27 16:10:04","Valle de Santiago",Mexico
GERALDINE,PERKINS,2.99,1,"2005-05-27 16:10:58","Tel Aviv-Jaffa",Israel
GENE,SANBORN,8.99,1,"2005-05-27 16:21:26",Salala,Oman
YOLANDA,WEAVER,4.99,2,"2005-05-27 16:22:10",Tabora,Tanzania
RAYMOND,MCWHORTER,8.99,2,"2005-05-27 16:31:05",Sumqayit,Azerbaijan
CATHERINE,CAMPBELL,4.99,2,"2005-05-27 16:40:29",Moscow,"Russian Federation"
JULIAN,VEST,0.99,2,"2005-05-27 16:40:40",Akishima,Japan
MARIAN,MENDOZA,5.99,1,"2005-05-27 16:54:27",Maringá,Brazil
LINDA,WILLIAMS,1.99,1,"2005-05-27 17:17:09",Athenai,Greece
MARGIE,WADE,4.99,1,"2005-05-27 17:21:04",Lengshuijiang,China
ADRIAN,CLARY,5.99,2,"2005-05-27 17:47:22",Udine,Italy
DORA,MEDINA,6.99,2,"2005-05-27 17:52:34",Tianjin,China
RONALD,WEINER,2.99,2,"2005-05-27 17:54:48","San Felipe del Progreso",Mexico
GEORGE,LINTON,4.99,1,"2005-05-27 18:00:35",Sorocaba,Brazil
TERESA,ROGERS,4.99,1,"2005-05-27 18:11:05",Iwakuni,Japan
MIKE,WAY,2.99,1,"2005-05-27 18:12:13",Valparai,India
KURT,EMMONS,8.99,1,"2005-05-27 18:35:20",Kanazawa,Japan
MINNIE,ROMERO,2.99,2,"2005-05-27 18:39:15",Ciomas,Indonesia
MAE,FLETCHER,0.99,2,"2005-05-27 18:42:57","Donostia-San Sebastián",Spain
TONY,CARRANZA,4.99,2,"2005-05-27 18:48:41",Koriyama,Japan
PAULINE,HENRY,2.99,1,"2005-05-27 18:57:02",Torreón,Mexico
STELLA,MORENO,3.99,1,"2005-05-27 19:03:08","Coacalco de Berriozábal",Mexico
BERNICE,WILLIS,3.99,1,"2005-05-27 19:13:15",Batman,Turkey
STELLA,MORENO,6.99,1,"2005-05-27 19:18:54","Coacalco de Berriozábal",Mexico
WANDA,PATTERSON,4.99,1,"2005-05-27 19:27:54",Sincelejo,Colombia
ELAINE,STEVENS,0.99,2,"2005-05-27 19:30:33",Smolensk,"Russian Federation"
ERIK,GUILLEN,2.99,2,"2005-05-27 19:31:16",Bhimavaram,India
ISAAC,OGLESBY,4.99,2,"2005-05-27 19:31:36",Cuernavaca,Mexico
DOUGLAS,GRAF,3.99,1,"2005-05-27 19:43:29",Mexicali,Mexico
TINA,SIMMONS,4.99,2,"2005-05-27 19:50:06",Goiânia,Brazil
JOHN,FARNSWORTH,0.99,1,"2005-05-27 19:52:29",Parbhani,India
JAIME,NETTLES,6.99,2,"2005-05-27 19:58:36",Huánuco,Peru
TIM,CARY,0.99,1,"2005-05-27 20:00:04",Bijapur,India
MARLENE,WELCH,2.99,1,"2005-05-27 20:02:03",Iwaki,Japan
CLIFFORD,BOWENS,2.99,1,"2005-05-27 20:08:55","Nabereznyje Tšelny","Russian Federation"
BENJAMIN,VARNEY,5.99,1,"2005-05-27 20:10:36",Guadalajara,Mexico
MICHELLE,CLARK,3.99,1,"2005-05-27 20:11:47",Tangail,Bangladesh
KATIE,ELLIOTT,0.99,2,"2005-05-27 20:42:44",Kisumu,Kenya
DEANNA,BYRD,3.99,1,"2005-05-27 20:44:36",Tuguegarao,Philippines
LEROY,BUSTAMANTE,0.99,1,"2005-05-27 20:57:07",Tongliao,China
FELIX,GAFFNEY,4.99,1,"2005-05-27 21:10:03",Vilnius,Lithuania
PEGGY,MYERS,9.99,1,"2005-05-27 21:13:10",Abha,"Saudi Arabia"
MICHELE,GRANT,5.99,2,"2005-05-27 21:14:26",Yuncheng,China
NATHANIEL,ADAM,4.99,1,"2005-05-27 21:17:08",Joliet,"United States"
TONYA,CHAPMAN,0.99,2,"2005-05-27 21:32:42",Bhilwara,India
CLAUDE,HERZOG,0.99,1,"2005-05-27 21:36:15",Benguela,Angola
DAWN,SULLIVAN,7.99,1,"2005-05-27 21:36:34",Funafuti,Tuvalu
NAOMI,JENNINGS,2.99,1,"2005-05-27 22:11:56",Karnal,India
JILL,HAWKINS,2.99,1,"2005-05-27 22:16:26",Linz,Austria
LANCE,PEMBERTON,1.99,1,"2005-05-27 22:31:36",Beni-Mellal,Morocco
GERALDINE,PERKINS,3.99,1,"2005-05-27 22:33:33","Tel Aviv-Jaffa",Israel
FELIX,GAFFNEY,4.99,1,"2005-05-27 22:38:20",Vilnius,Lithuania
GEORGIA,JACOBS,6.99,1,"2005-05-27 22:39:10",Uttarpara-Kotrung,India
CHARLENE,ALVAREZ,3.99,2,"2005-05-27 22:47:39",Zanzibar,Tanzania
MICHEAL,FORMAN,2.99,1,"2005-05-27 22:49:27",Escobar,Argentina
KELLY,KNOTT,6.99,1,"2005-05-27 22:53:02",Sanya,China
AMY,LOPEZ,4.99,1,"2005-05-27 23:00:25",Jhansi,India
RICK,MATTOX,2.99,2,"2005-05-27 23:26:45","Mit Ghamr",Egypt
DAWN,SULLIVAN,2.99,1,"2005-05-27 23:40:52",Funafuti,Tuvalu
ANTONIO,MEEK,4.99,1,"2005-05-27 23:51:12",Bagé,Brazil
DAVE,GARDINER,4.99,2,"2005-05-28 00:00:30",Leshan,China
REGINA,BERRY,4.99,1,"2005-05-28 00:07:50",Jinchang,China
DERRICK,BOURQUE,4.99,1,"2005-05-28 00:09:12",Gatineau,Canada
PAULA,BRYANT,4.99,2,"2005-05-28 00:09:56",Pathankot,India
ALMA,AUSTIN,2.99,1,"2005-05-28 00:13:35",Mannheim,Germany
ALLISON,STANLEY,4.99,2,"2005-05-28 00:24:58","Phnom Penh",Cambodia
RUBEN,GEARY,0.99,1,"2005-05-28 00:34:11",Lublin,Poland
JUDITH,COX,4.99,2,"2005-05-28 00:39:31",Daxian,China
KARL,SEAL,4.99,2,"2005-05-28 00:40:48","Cape Coral","United States"
GLORIA,COOK,2.99,1,"2005-05-28 00:43:41",Papeete,"French Polynesia"
SHARON,ROBINSON,6.99,2,"2005-05-28 00:54:39",Mardan,Pakistan
BECKY,MILES,0.99,2,"2005-05-28 01:01:21",Tambaram,India
BETH,FRANKLIN,7.99,2,"2005-05-28 01:05:07",Haiphong,Vietnam
LUCILLE,HOLMES,0.99,1,"2005-05-28 01:05:25",Soshanguve,"South Africa"
LAUREN,HUDSON,4.99,2,"2005-05-28 01:09:36","Le Mans",France
DANA,HART,0.99,1,"2005-05-28 01:34:43",Kirovo-Tšepetsk,"Russian Federation"
BOBBIE,CRAIG,4.99,1,"2005-05-28 01:35:25","Valle de Santiago",Mexico
BEATRICE,ARNOLD,0.99,1,"2005-05-28 02:05:34",Udaipur,India
CARMEN,OWENS,2.99,1,"2005-05-28 02:06:37",Caracas,Venezuela
WESLEY,BULL,7.99,2,"2005-05-28 02:09:19","Ourense (Orense)",Spain
LEE,HAWKS,0.99,1,"2005-05-28 02:31:19",Pudukkottai,India
EDDIE,TOMLIN,5.99,1,"2005-05-28 02:40:50",Ozamis,Philippines
JOANNE,ROBERTSON,0.99,2,"2005-05-28 02:51:12",Urawa,Japan
CINDY,FISHER,0.99,2,"2005-05-28 02:52:14",Cumaná,Venezuela
RAMONA,HALE,5.99,2,"2005-05-28 03:04:04",Patiala,India
GEORGIA,JACOBS,8.99,1,"2005-05-28 03:07:50",Uttarpara-Kotrung,India
RICARDO,MEADOR,2.99,1,"2005-05-28 03:08:10",Okayama,Japan
FREDDIE,DUGGAN,8.99,1,"2005-05-28 03:09:28",Sullana,Peru
TIFFANY,JORDAN,7.99,2,"2005-05-28 03:10:10",Enshi,China
BRYAN,HARDISON,1.99,2,"2005-05-28 03:11:47",Dallas,"United States"
MIKE,WAY,0.99,1,"2005-05-28 03:17:57",Valparai,India
COREY,HAUSER,0.99,1,"2005-05-28 03:18:02",Gaziantep,Turkey
COURTNEY,DAY,7.99,1,"2005-05-28 03:22:33",Uijongbu,"South Korea"
GERALDINE,PERKINS,5.99,1,"2005-05-28 03:27:37","Tel Aviv-Jaffa",Israel
JEREMY,HURTADO,0.99,2,"2005-05-28 03:32:22","Vitória de Santo Antão",Brazil
VICTOR,BARKLEY,2.99,2,"2005-05-28 03:33:20",Manchester,"United States"
HAZEL,WARREN,2.99,1,"2005-05-28 03:53:26",Hohhot,China
MELINDA,FERNANDEZ,2.99,1,"2005-05-28 03:57:28","Mandi Bahauddin",Pakistan
BETTY,WHITE,5.99,2,"2005-05-28 04:25:33","Citrus Heights","United States"
MANUEL,MURRELL,2.99,1,"2005-05-28 04:27:37",Jaffna,"Sri Lanka"
ERICA,MATTHEWS,3.99,2,"2005-05-28 04:28:38",Pingxiang,China
WILLIE,MARKHAM,3.99,2,"2005-05-28 04:30:05","Almirante Brown",Argentina
WESLEY,BULL,4.99,2,"2005-05-28 04:34:17","Ourense (Orense)",Spain
MARK,RINEHART,0.99,2,"2005-05-28 05:13:01",Tabuk,"Saudi Arabia"
TRACY,HERRMANN,0.99,1,"2005-05-28 05:23:38",Loja,Ecuador
SYLVIA,ORTIZ,0.99,2,"2005-05-28 05:36:58","Dos Quebradas",Colombia
CLAUDE,HERZOG,5.99,1,"2005-05-28 06:14:46",Benguela,Angola
VIVIAN,RUIZ,4.99,1,"2005-05-28 06:15:25",´s-Hertogenbosch,Netherlands
JOSEPH,JOY,4.99,2,"2005-05-28 06:16:32","Angra dos Reis",Brazil
FRANKLIN,TROUTMAN,4.99,2,"2005-05-28 06:17:33",Zaoyang,China
KENNETH,GOODEN,8.99,2,"2005-05-28 06:20:55","Bat Yam",Israel
TIFFANY,JORDAN,1.99,2,"2005-05-28 06:21:05",Enshi,China
GERALDINE,PERKINS,0.99,1,"2005-05-28 06:26:16","Tel Aviv-Jaffa",Israel
SHERRY,MARSHALL,6.99,1,"2005-05-28 06:40:25","Shubra al-Khayma",Egypt
JAVIER,ELROD,2.99,1,"2005-05-28 06:41:58",NDjamna,Chad
DEANNA,BYRD,6.99,1,"2005-05-28 06:42:13",Tuguegarao,Philippines
BRENT,HARKINS,7.99,1,"2005-05-28 06:43:34",Sultanbeyli,Turkey
PAUL,TROUT,6.99,2,"2005-05-28 07:03:00",Kursk,"Russian Federation"
TERESA,ROGERS,3.99,1,"2005-05-28 07:10:20",Iwakuni,Japan
SHARON,ROBINSON,1.99,2,"2005-05-28 07:16:25",Mardan,Pakistan
LESLIE,SEWARD,8.99,2,"2005-05-28 07:24:28",Pontianak,Indonesia
JAY,ROBB,3.99,1,"2005-05-28 07:34:56",Surakarta,Indonesia
JILL,HAWKINS,1.99,1,"2005-05-28 07:35:37",Linz,Austria
EDWIN,BURK,5.99,1,"2005-05-28 07:39:16",Newcastle,"South Africa"
KENNETH,GOODEN,4.99,2,"2005-05-28 07:44:18","Bat Yam",Israel
CONNIE,WALLACE,3.99,1,"2005-05-28 07:53:38",Ivanovo,"Russian Federation"
JUNE,CARROLL,3.99,1,"2005-05-28 08:14:44",Skikda,Algeria
RANDY,GAITHER,0.99,1,"2005-05-28 08:23:16",Kurgan,"Russian Federation"
DORIS,REED,4.99,2,"2005-05-28 08:31:14",Balašiha,"Russian Federation"
LAURA,RODRIGUEZ,4.99,1,"2005-05-28 08:31:36",Salé,Morocco
MARCUS,HIDALGO,0.99,2,"2005-05-28 08:36:22",Tartu,Estonia
LEROY,BUSTAMANTE,6.99,1,"2005-05-28 08:38:43",Tongliao,China
SIDNEY,BURLESON,7.99,1,"2005-05-28 08:39:02",Czestochowa,Poland
DARRELL,POWER,1.99,2,"2005-05-28 08:53:02",Halifax,Canada
JANE,BENNETT,2.99,2,"2005-05-28 08:54:06",Araçatuba,Brazil
CRYSTAL,FORD,1.99,1,"2005-05-28 09:01:21",Ashdod,Israel
GARY,COY,3.99,2,"2005-05-28 09:10:49",Yuzhou,China
JENNY,CASTRO,0.99,2,"2005-05-28 09:12:09",Ponce,"Puerto Rico"
BOBBIE,CRAIG,5.99,1,"2005-05-28 09:26:31","Valle de Santiago",Mexico
TERRY,CARLSON,6.99,1,"2005-05-28 09:51:39",Miyakonojo,Japan
VIVIAN,RUIZ,1.99,1,"2005-05-28 09:56:20",´s-Hertogenbosch,Netherlands
GAIL,KNIGHT,2.99,1,"2005-05-28 09:57:36",Bern,Switzerland
GLORIA,COOK,6.99,1,"2005-05-28 10:12:41",Papeete,"French Polynesia"
MICHELLE,CLARK,0.99,1,"2005-05-28 10:15:04",Tangail,Bangladesh
ELMER,NOE,1.99,2,"2005-05-28 10:17:41",Battambang,Cambodia
JERRY,JORDON,4.99,1,"2005-05-28 10:30:13",Onomichi,Japan
MARY,SMITH,0.99,1,"2005-05-28 10:35:23",Sasebo,Japan
IRENE,PRICE,1.99,2,"2005-05-28 10:44:28",Pavlodar,Kazakstan
APRIL,BURNS,9.99,1,"2005-05-28 10:56:09",Dundee,"United Kingdom"
MARION,OCAMPO,2.99,1,"2005-05-28 10:56:10",Weifang,China
JENNIFER,DAVIS,2.99,2,"2005-05-28 11:09:14",Laredo,"United States"
AUDREY,RAY,2.99,1,"2005-05-28 11:15:48",Graz,Austria
ANA,BRADLEY,6.99,2,"2005-05-28 11:19:23",Memphis,"United States"
DONNA,THOMPSON,2.99,1,"2005-05-28 11:19:53",Elista,"Russian Federation"
HOLLY,FOX,1.99,2,"2005-05-28 11:20:29",Haldia,India
ELSIE,KELLEY,4.99,2,"2005-05-28 11:33:46",Ikerre,Nigeria
TODD,TAN,7.99,1,"2005-05-28 11:48:55",Kamjanets-Podilskyi,Ukraine
JUDY,GRAY,4.99,2,"2005-05-28 11:49:00",Béchar,Algeria
SAM,MCDUFFIE,6.99,1,"2005-05-28 11:50:45",Sogamoso,Colombia
JANE,BENNETT,0.99,2,"2005-05-28 12:03:00",Araçatuba,Brazil
JUDITH,COX,0.99,2,"2005-05-28 12:05:33",Daxian,China
JULIA,FLORES,0.99,1,"2005-05-28 12:08:37","La Plata",Argentina
THOMAS,GRIGSBY,3.99,1,"2005-05-28 12:27:50","Kansas City","United States"
WARREN,SHERROD,3.99,2,"2005-05-28 13:06:50",Usolje-Sibirskoje,"Russian Federation"
RUTH,MARTINEZ,2.99,1,"2005-05-28 13:11:04",Kimberley,"South Africa"
VIOLA,HANSON,4.99,2,"2005-05-28 13:21:08",Lapu-Lapu,Philippines
SANDRA,MARTIN,2.99,2,"2005-05-28 13:33:23",Southend-on-Sea,"United Kingdom"
TED,BREAUX,2.99,2,"2005-05-28 13:41:56",Baicheng,China
SHELLY,WATTS,1.99,2,"2005-05-28 13:59:54",Dayton,"United States"
TRACY,HERRMANN,4.99,1,"2005-05-28 14:00:03",Loja,Ecuador
DORA,MEDINA,3.99,2,"2005-05-28 14:01:02",Tianjin,China
JILL,HAWKINS,0.99,1,"2005-05-28 14:04:50",Linz,Austria
PHILIP,CAUSEY,4.99,1,"2005-05-28 14:05:57",Korolev,"Russian Federation"
STEPHEN,QUALLS,3.99,1,"2005-05-28 14:08:19",Dhaka,Bangladesh
FREDERICK,ISBELL,7.99,2,"2005-05-28 14:08:22",Tsuyama,Japan
SETH,HANNON,3.99,2,"2005-05-28 14:15:54",al-Manama,Bahrain
CLINTON,BUFORD,4.99,2,"2005-05-28 14:27:51",Aurora,"United States"
BRADLEY,MOTLEY,0.99,1,"2005-05-28 14:37:07","Purnea (Purnia)",India
RUBEN,GEARY,1.99,1,"2005-05-28 14:39:10",Lublin,Poland
JAMES,GANNON,8.99,2,"2005-05-28 14:48:39",Hiroshima,Japan
DWAYNE,OLVERA,2.99,1,"2005-05-28 15:02:41",Rajkot,India
RAMON,CHOATE,4.99,2,"2005-05-28 15:03:44",Ríobamba,Ecuador
DANIELLE,DANIELS,2.99,2,"2005-05-28 15:04:02",Hidalgo,Mexico
REGINALD,KINDER,0.99,1,"2005-05-28 15:15:25",Madiun,Indonesia
ROSS,GREY,0.99,1,"2005-05-28 15:18:18",Iligan,Philippines
GERALDINE,PERKINS,2.99,1,"2005-05-28 15:24:54","Tel Aviv-Jaffa",Israel
TERRENCE,GUNDERSON,6.99,1,"2005-05-28 15:27:22",Jinzhou,China
JOSEPH,JOY,1.99,2,"2005-05-28 15:33:28","Angra dos Reis",Brazil
JESSIE,MILAM,5.99,1,"2005-05-28 15:35:52",Binzhou,China
DEAN,SAUER,2.99,1,"2005-05-28 15:45:39",Johannesburg,"South Africa"
STEVE,MACKENZIE,2.99,2,"2005-05-28 15:49:14",Probolinggo,Indonesia
CAROLINE,BOWMAN,4.99,1,"2005-05-28 15:50:07",Tallahassee,"United States"
DALE,RATCLIFF,7.99,1,"2005-05-28 15:52:26",Rustenburg,"South Africa"
KEVIN,SCHULER,5.99,1,"2005-05-28 15:54:45",Birgunj,Nepal
MINNIE,ROMERO,4.99,2,"2005-05-28 15:58:12",Ciomas,Indonesia
EDNA,WEST,3.99,2,"2005-05-28 15:58:22",Klerksdorp,"South Africa"
CHARLIE,BESS,4.99,2,"2005-05-28 16:01:28",Baiyin,China
DAVE,GARDINER,4.99,2,"2005-05-28 16:13:22",Leshan,China
ENRIQUE,FORSYTHE,0.99,1,"2005-05-28 16:35:46",Patras,Greece
SALVADOR,TEEL,4.99,2,"2005-05-28 16:58:09",Banjul,Gambia
HEIDI,LARSON,7.99,2,"2005-05-28 17:04:43",Xi´angfan,China
AUDREY,RAY,4.99,1,"2005-05-28 17:05:46",Graz,Austria
NORMA,GONZALES,4.99,1,"2005-05-28 17:19:15",Bislig,Philippines
TRAVIS,ESTEP,8.99,1,"2005-05-28 17:24:51",al-Qatif,"Saudi Arabia"
ANGEL,BARCLAY,2.99,1,"2005-05-28 17:36:32",Ueda,Japan
LEROY,BUSTAMANTE,5.99,1,"2005-05-28 17:37:50",Tongliao,China
RALPH,MADRIGAL,0.99,2,"2005-05-28 17:37:59",Arecibo,"Puerto Rico"
HERBERT,KRUGER,4.99,2,"2005-05-28 17:40:35",Syktyvkar,"Russian Federation"
CAROLYN,PEREZ,5.99,2,"2005-05-28 17:46:57","Pak Kret",Thailand
MINNIE,ROMERO,6.99,2,"2005-05-28 17:47:58",Ciomas,Indonesia
JO,FOWLER,4.99,2,"2005-05-28 18:14:29",Oyo,Nigeria
STEVE,MACKENZIE,2.99,2,"2005-05-28 18:24:43",Probolinggo,Indonesia
ELSIE,KELLEY,2.99,2,"2005-05-28 18:25:02",Ikerre,Nigeria
FLOYD,GANDY,0.99,1,"2005-05-28 18:43:26",Zapopan,Mexico
EARL,SHANKS,5.99,1,"2005-05-28 18:45:47",Iwatsuki,Japan
DARLENE,ROSE,4.99,2,"2005-05-28 18:49:12",Pyongyang,"North Korea"
MARLENE,WELCH,4.99,1,"2005-05-28 18:52:11",Iwaki,Japan
STEVEN,CURLEY,8.99,1,"2005-05-28 18:59:12",Miraj,India
RAFAEL,ABNEY,2.99,1,"2005-05-28 19:14:09",Talavera,Philippines
ROBERTA,HARPER,0.99,1,"2005-05-28 19:16:14","Shahr-e Kord",Iran
DAVE,GARDINER,1.99,2,"2005-05-28 19:22:52",Leshan,China
TERRY,CARLSON,0.99,1,"2005-05-28 19:25:54",Miyakonojo,Japan
SUE,PETERS,1.99,2,"2005-05-28 19:35:45",Changzhou,China
LEONA,OBRIEN,2.99,2,"2005-05-28 19:45:40",Fuzhou,China
NORA,HERRERA,2.99,2,"2005-05-28 19:46:50",Salzburg,Austria
CHRISTINE,ROBERTS,4.99,2,"2005-05-28 20:08:47",Faaa,"French Polynesia"
LARRY,THRASHER,6.99,2,"2005-05-28 20:12:20",Adana,Turkey
SARAH,LEWIS,2.99,2,"2005-05-28 20:15:30",Liepaja,Latvia
BECKY,MILES,2.99,2,"2005-05-28 20:16:20",Tambaram,India
RANDALL,NEUMANN,4.99,2,"2005-05-28 20:18:24","La Romana","Dominican Republic"
ROSE,HOWARD,0.99,2,"2005-05-28 20:23:09",Cayenne,"French Guiana"
GLADYS,HAMILTON,9.99,1,"2005-05-28 20:23:23",Ilorin,Nigeria
GERTRUDE,CASTILLO,0.99,1,"2005-05-28 20:27:53",Nuuk,Greenland
WILLARD,LUMPKIN,0.99,2,"2005-05-28 20:53:31",Carmen,Mexico
ALICE,STEWART,4.99,1,"2005-05-28 21:01:25",Fontana,"United States"
LYNN,PAYNE,1.99,1,"2005-05-28 21:09:31",Lilongwe,Malawi
JUNE,CARROLL,1.99,1,"2005-05-28 21:23:02",Skikda,Algeria
HARVEY,GUAJARDO,0.99,1,"2005-05-28 21:31:08",Vinh,Vietnam
GLENN,PULLEN,4.99,1,"2005-05-28 21:38:39",Amersfoort,Netherlands
RANDALL,NEUMANN,5.99,2,"2005-05-28 21:48:51","La Romana","Dominican Republic"
ENRIQUE,FORSYTHE,4.99,1,"2005-05-28 21:49:02",Patras,Greece
ROBERTO,VU,2.99,1,"2005-05-28 21:54:45",Yinchuan,China
DONALD,MAHON,4.99,2,"2005-05-28 22:03:25",Ezhou,China
VICKI,FIELDS,6.99,1,"2005-05-28 22:04:03",Witten,Germany
BETTY,WHITE,2.99,2,"2005-05-28 22:04:30","Citrus Heights","United States"
CHARLES,KOWALSKI,6.99,1,"2005-05-28 22:05:29","Sungai Petani",Malaysia
TIM,CARY,0.99,1,"2005-05-28 22:07:30",Bijapur,India
WANDA,PATTERSON,2.99,1,"2005-05-28 22:11:35",Sincelejo,Colombia
DENNIS,GILMAN,0.99,1,"2005-05-28 22:22:44",Paarl,"South Africa"
SAM,MCDUFFIE,4.99,1,"2005-05-28 22:27:51",Sogamoso,Colombia
KRISTEN,CHAVEZ,7.99,2,"2005-05-28 23:00:08",Hino,Japan
CASSANDRA,WALTERS,6.99,1,"2005-05-28 23:15:48",Salinas,"United States"
KARL,SEAL,4.99,2,"2005-05-28 23:24:57","Cape Coral","United States"
MAURICE,CRAWLEY,2.99,1,"2005-05-28 23:27:26",Coatzacoalcos,Mexico
JAMIE,WAUGH,2.99,2,"2005-05-28 23:39:44",Kuwana,Japan
ELEANOR,HUNT,4.99,1,"2005-05-28 23:53:18",Saint-Denis,Réunion
SUE,PETERS,2.99,2,"2005-05-29 00:09:48",Changzhou,China
DEREK,BLAKELY,6.99,1,"2005-05-29 00:13:15",Gingoog,Philippines
BERNICE,WILLIS,6.99,1,"2005-05-29 00:17:51",Batman,Turkey
NORMAN,CURRIER,4.99,1,"2005-05-29 00:27:10",Cianjur,Indonesia
JO,FOWLER,0.99,2,"2005-05-29 00:32:09",Oyo,Nigeria
LAUREN,HUDSON,4.99,2,"2005-05-29 00:45:24","Le Mans",France
JOHNNIE,CHISHOLM,3.99,2,"2005-05-29 00:46:53",Plock,Poland
ANNE,POWELL,9.99,2,"2005-05-29 00:54:53",Bradford,"United Kingdom"
DON,BONE,10.99,1,"2005-05-29 01:01:26",Naçala-Porto,Mozambique
CAROL,GARCIA,4.99,2,"2005-05-29 01:32:10",Kaduna,Nigeria
YOLANDA,WEAVER,2.99,2,"2005-05-29 01:42:31",Tabora,Tanzania
DANNY,ISOM,6.99,1,"2005-05-29 01:49:43",Okara,Pakistan
CLAUDE,HERZOG,3.99,1,"2005-05-29 01:50:53",Benguela,Angola
RUTH,MARTINEZ,2.99,1,"2005-05-29 01:59:10",Kimberley,"South Africa"
JESSE,SCHILLING,7.99,2,"2005-05-29 02:04:04",Lubumbashi,"Congo, The Democratic Republic of the"
EDNA,WEST,0.99,2,"2005-05-29 02:10:52",Klerksdorp,"South Africa"
MARIAN,MENDOZA,3.99,1,"2005-05-29 02:11:44",Maringá,Brazil
EDITH,MCDONALD,0.99,1,"2005-05-29 02:18:54",Gandhinagar,India
ROSA,REYNOLDS,2.99,2,"2005-05-29 02:26:27",Lancaster,"United States"
PEDRO,CHESTNUT,0.99,2,"2005-05-29 02:27:30",Šostka,Ukraine
CASSANDRA,WALTERS,0.99,1,"2005-05-29 02:29:36",Salinas,"United States"
SCOTT,SHELLEY,3.99,1,"2005-05-29 02:44:43",Aurora,"United States"
MARSHA,DOUGLAS,2.99,2,"2005-05-29 02:48:52",Beira,Mozambique
MILDRED,BAILEY,1.99,1,"2005-05-29 03:05:49",Jaipur,India
MATTIE,HOFFMAN,4.99,2,"2005-05-29 03:18:19",London,"United Kingdom"
ELAINE,STEVENS,0.99,2,"2005-05-29 03:23:47",Smolensk,"Russian Federation"
ZACHARY,HITE,7.99,1,"2005-05-29 03:48:01",Akron,"United States"
GABRIEL,HARDER,2.99,1,"2005-05-29 03:48:36",Sivas,Turkey
JESSIE,BANKS,4.99,2,"2005-05-29 03:49:03","Stara Zagora",Bulgaria
DONALD,MAHON,2.99,2,"2005-05-29 04:02:24",Ezhou,China
EDGAR,RHOADS,4.99,2,"2005-05-29 04:10:17",Eskisehir,Turkey
TOM,MILNER,2.99,1,"2005-05-29 04:15:21","Abu Dhabi","United Arab Emirates"
JULIO,NOLAND,3.99,2,"2005-05-29 04:22:41",Konotop,Ukraine
KATHLEEN,ADAMS,0.99,2,"2005-05-29 04:35:29",Arak,Iran
ALLEN,BUTTERFIELD,0.99,2,"2005-05-29 04:37:44",Hoshiarpur,India
GENE,SANBORN,2.99,1,"2005-05-29 04:52:23",Salala,Oman
COURTNEY,DAY,2.99,1,"2005-05-29 05:16:05",Uijongbu,"South Korea"
COREY,HAUSER,6.99,1,"2005-05-29 05:17:30",Gaziantep,Turkey
MARIE,TURNER,0.99,1,"2005-05-29 05:28:47",Lipetsk,"Russian Federation"
LENA,JENSEN,6.99,2,"2005-05-29 05:30:31",Halisahar,India
CHRISTOPHER,GRECO,0.99,1,"2005-05-29 05:34:44",Brescia,Italy
JEFFERY,PINSON,3.99,2,"2005-05-29 05:53:23",Dadu,Pakistan
COURTNEY,DAY,2.99,1,"2005-05-29 06:03:41",Uijongbu,"South Korea"
TOM,MILNER,1.99,1,"2005-05-29 06:05:29","Abu Dhabi","United Arab Emirates"
ROBERTO,VU,2.99,1,"2005-05-29 06:08:15",Yinchuan,China
CLAYTON,BARBEE,2.99,2,"2005-05-29 06:12:38",Alvorada,Brazil
MATTHEW,MAHAN,2.99,2,"2005-05-29 06:35:13",Cuautla,Mexico
SUE,PETERS,3.99,2,"2005-05-29 07:00:59",Changzhou,China
ELIZABETH,BROWN,0.99,1,"2005-05-29 07:25:16",Nantou,Taiwan
CLIFFORD,BOWENS,0.99,1,"2005-05-29 07:32:51","Nabereznyje Tšelny","Russian Federation"
ROY,WHITING,3.99,2,"2005-05-29 07:35:21",Nyeri,Kenya
TED,BREAUX,4.99,2,"2005-05-29 07:38:52",Baicheng,China
ALEX,GRESHAM,7.99,2,"2005-05-29 08:08:13",Uruapan,Mexico
BRANDY,GRAVES,3.99,1,"2005-05-29 08:10:07",Warren,"United States"
TRACY,HERRMANN,4.99,1,"2005-05-29 08:11:31",Loja,Ecuador
MABEL,HOLLAND,4.99,2,"2005-05-29 08:20:08",Monywa,Myanmar
SARA,PERRY,6.99,2,"2005-05-29 08:28:18",Atlixco,Mexico
JULIA,FLORES,5.99,1,"2005-05-29 08:30:36","La Plata",Argentina
CHARLIE,BESS,4.99,2,"2005-05-29 08:35:49",Baiyin,China
VERNON,CHAPA,6.99,2,"2005-05-29 08:36:30",Denizli,Turkey
ALLAN,CORNISH,4.99,1,"2005-05-29 08:39:02",Tarlac,Philippines
JACOB,LANCE,4.99,1,"2005-05-29 09:13:08","El Monte","United States"
ALICIA,MILLS,4.99,1,"2005-05-29 09:22:57",Nagaon,India
CHARLOTTE,HUNTER,2.99,1,"2005-05-29 09:25:10","Águas Lindas de Goiás",Brazil
TONI,HOLT,4.99,1,"2005-05-29 09:26:34",Roanoke,"United States"
MARIA,MILLER,2.99,1,"2005-05-29 09:27:00",Kragujevac,Yugoslavia
AARON,SELBY,4.99,2,"2005-05-29 09:33:33",Mwene-Ditu,"Congo, The Democratic Republic of the"
CASSANDRA,WALTERS,4.99,1,"2005-05-29 09:41:40",Salinas,"United States"
HEATHER,MORRIS,0.99,1,"2005-05-29 09:55:43",Nagareyama,Japan
ELLEN,SIMPSON,4.99,1,"2005-05-29 10:14:15",Poá,Brazil
JUANITA,MASON,3.99,2,"2005-05-29 10:16:42",Pune,India
LEONA,OBRIEN,2.99,2,"2005-05-29 10:18:59",Fuzhou,China
MORRIS,MCCARTER,2.99,2,"2005-05-29 10:26:29",Fengshan,Taiwan
VICKI,FIELDS,5.99,1,"2005-05-29 10:28:45",Witten,Germany
RICKY,SHELBY,7.99,2,"2005-05-29 10:29:47",Junan,China
KEN,PREWITT,4.99,2,"2005-05-29 10:31:56",Bucuresti,Romania
DANA,HART,6.99,1,"2005-05-29 10:57:57",Kirovo-Tšepetsk,"Russian Federation"
JANE,BENNETT,5.99,2,"2005-05-29 11:07:25",Araçatuba,Brazil
JEAN,BELL,0.99,1,"2005-05-29 11:09:01",Kuching,Malaysia
JAMIE,RICE,7.99,1,"2005-05-29 11:15:51","Sterling Heights","United States"
DIANE,COLLINS,4.99,1,"2005-05-29 11:32:15",Omdurman,Sudan
VALERIE,BLACK,4.99,1,"2005-05-29 11:37:35",Brockton,"United States"
JUDY,GRAY,1.99,2,"2005-05-29 11:38:34",Béchar,Algeria
MARTIN,BALES,8.99,1,"2005-05-29 11:47:02",Namibe,Angola
KELLY,TORRES,2.99,1,"2005-05-29 12:20:19",Xi´angtan,China
CASEY,MENA,4.99,1,"2005-05-29 12:30:46",Tokat,Turkey
ISAAC,OGLESBY,2.99,2,"2005-05-29 12:51:44",Cuernavaca,Mexico
LEONARD,SCHOFIELD,4.99,1,"2005-05-29 12:56:50",Tandil,Argentina
DERRICK,BOURQUE,2.99,1,"2005-05-29 12:59:14",Gatineau,Canada
ARMANDO,GRUBER,5.99,2,"2005-05-29 13:08:06",Southport,"United Kingdom"
KEN,PREWITT,5.99,2,"2005-05-29 13:18:05",Bucuresti,Romania
ISAAC,OGLESBY,4.99,2,"2005-05-29 13:19:43",Cuernavaca,Mexico
SHEILA,WELLS,0.99,1,"2005-05-29 13:23:26",Kütahya,Turkey
CINDY,FISHER,0.99,2,"2005-05-29 13:35:35",Cumaná,Venezuela
RALPH,MADRIGAL,4.99,2,"2005-05-29 14:07:58",Arecibo,"Puerto Rico"
JAVIER,ELROD,3.99,1,"2005-05-29 14:09:53",NDjamna,Chad
DAWN,SULLIVAN,6.99,1,"2005-05-29 14:17:17",Funafuti,Tuvalu
JOHN,FARNSWORTH,3.99,1,"2005-05-29 14:18:32",Parbhani,India
DONALD,MAHON,0.99,2,"2005-05-29 14:23:58",Ezhou,China
ENRIQUE,FORSYTHE,1.99,1,"2005-05-29 14:38:57",Patras,Greece
HEATHER,MORRIS,5.99,1,"2005-05-29 14:41:18",Nagareyama,Japan
ALBERT,CROUSE,2.99,1,"2005-05-29 14:44:22",Bamenda,Cameroon
THERESA,WATSON,4.99,2,"2005-05-29 15:08:41",Taguig,Philippines
ALEXANDER,FENNELL,9.99,2,"2005-05-29 15:17:28",Bergamo,Italy
SHIRLEY,ALLEN,2.99,2,"2005-05-29 16:03:03",Davao,Philippines
WALLACE,SLONE,2.99,1,"2005-05-29 16:13:55",Sokoto,Nigeria
MAX,PITT,4.99,1,"2005-05-29 16:17:07","Novi Sad",Yugoslavia
RENE,MCALISTER,2.99,2,"2005-05-29 16:19:29","Garden Grove","United States"
SONIA,GREGORY,0.99,1,"2005-05-29 16:30:42","Benin City",Nigeria
DEANNA,BYRD,0.99,1,"2005-05-29 16:32:10",Tuguegarao,Philippines
CLAUDE,HERZOG,5.99,1,"2005-05-29 16:44:08",Benguela,Angola
DIANE,COLLINS,4.99,1,"2005-05-29 16:44:11",Omdurman,Sudan
CLAYTON,BARBEE,0.99,2,"2005-05-29 16:57:39",Alvorada,Brazil
JESSICA,HALL,2.99,2,"2005-05-29 16:59:44","Città del Vaticano","Holy See (Vatican City State)"
VIOLA,HANSON,1.99,2,"2005-05-29 17:12:17",Lapu-Lapu,Philippines
EMMA,BOYD,0.99,1,"2005-05-29 17:23:43",Qalyub,Egypt
FREDERICK,ISBELL,4.99,2,"2005-05-29 17:24:48",Tsuyama,Japan
GREG,ROBINS,0.99,1,"2005-05-29 17:28:12","Nam Dinh",Vietnam
LUIS,YANEZ,1.99,1,"2005-05-29 17:35:50",Brest,France
JUAN,FRALEY,4.99,1,"2005-05-29 17:38:59",Tšeboksary,"Russian Federation"
AMY,LOPEZ,4.99,1,"2005-05-29 17:52:30",Jhansi,India
DOLORES,WAGNER,9.99,2,"2005-05-29 18:10:24",Ipoh,Malaysia
CONSTANCE,REID,3.99,2,"2005-05-29 18:18:18",Zaria,Nigeria
RICKY,SHELBY,4.99,2,"2005-05-29 18:31:30",Junan,China
JACKIE,LYNCH,2.99,1,"2005-05-29 18:50:50",Buenaventura,Colombia
RITA,GRAHAM,3.99,1,"2005-05-29 19:08:20",Toulon,France
DELORES,HANSEN,3.99,2,"2005-05-29 19:10:20",Jaroslavl,"Russian Federation"
ARTHUR,SIMPKINS,4.99,1,"2005-05-29 19:12:04",Maikop,"Russian Federation"
TONY,CARRANZA,1.99,2,"2005-05-29 19:30:42",Koriyama,Japan
ARLENE,HARVEY,4.99,1,"2005-05-29 20:00:30",Ambattur,India
HENRY,BILLINGSLEY,5.99,1,"2005-05-29 20:14:34",Nuku´alofa,Tonga
EMMA,BOYD,6.99,1,"2005-05-29 20:16:12",Qalyub,Egypt
BETTY,WHITE,0.99,2,"2005-05-29 20:24:28","Citrus Heights","United States"
DUSTIN,GILLETTE,7.99,2,"2005-05-29 20:26:39",Emmen,Netherlands
DWAYNE,OLVERA,2.99,1,"2005-05-29 20:39:14",Rajkot,India
KEVIN,SCHULER,4.99,1,"2005-05-29 20:47:53",Birgunj,Nepal
CHESTER,BENNER,3.99,1,"2005-05-29 21:00:32",Suihua,China
LAURA,RODRIGUEZ,8.99,1,"2005-05-29 21:07:22",Salé,Morocco
ROGER,QUINTANILLA,0.99,2,"2005-05-29 21:31:12",Hsichuh,Taiwan
COREY,HAUSER,9.99,1,"2005-05-29 21:36:00",Gaziantep,Turkey
MARIO,CHEATHAM,4.99,1,"2005-05-29 21:39:37",Batna,Algeria
KEITH,RICO,4.99,1,"2005-05-29 21:45:32",Bratislava,Slovakia
BILLY,POULIN,0.99,1,"2005-05-29 21:49:41",Cabuyao,Philippines
GERTRUDE,CASTILLO,6.99,1,"2005-05-29 21:56:15",Nuuk,Greenland
BYRON,BOX,2.99,1,"2005-05-29 21:58:43",Zhezqazghan,Kazakstan
AGNES,BISHOP,2.99,2,"2005-05-29 22:14:55",Sambhal,India
BILLY,POULIN,2.99,1,"2005-05-29 22:16:42",Cabuyao,Philippines
LINDA,WILLIAMS,2.99,1,"2005-05-29 22:43:55",Athenai,Greece
RAUL,FORTIER,8.99,1,"2005-05-29 22:50:25",Chapra,India
JILL,HAWKINS,3.99,1,"2005-05-29 22:51:20",Linz,Austria
TRAVIS,ESTEP,4.99,1,"2005-05-29 23:21:56",al-Qatif,"Saudi Arabia"
SARA,PERRY,4.99,2,"2005-05-29 23:24:30",Atlixco,Mexico
BOBBY,BOUDREAU,2.99,2,"2005-05-29 23:37:00","South Hill",Anguilla
HARRY,ARCE,2.99,1,"2005-05-29 23:56:42",Najafabad,Iran
BERNICE,WILLIS,0.99,1,"2005-05-30 00:02:08",Batman,Turkey
NATHANIEL,ADAM,4.99,1,"2005-05-30 00:27:57",Joliet,"United States"
JERRY,JORDON,8.99,1,"2005-05-30 00:28:12",Onomichi,Japan
RACHEL,BARNES,4.99,1,"2005-05-30 00:28:41",Kamakura,Japan
JESSE,SCHILLING,4.99,2,"2005-05-30 00:31:17",Lubumbashi,"Congo, The Democratic Republic of the"
NELLIE,GARRETT,2.99,1,"2005-05-30 00:32:04",Shimoga,India
DONALD,MAHON,0.99,2,"2005-05-30 00:44:24",Ezhou,China
FREDERICK,ISBELL,4.99,2,"2005-05-30 00:58:20",Tsuyama,Japan
THERESA,WATSON,4.99,2,"2005-05-30 01:17:25",Taguig,Philippines
JOYCE,EDWARDS,2.99,2,"2005-05-30 01:17:45",Jedda,"Saudi Arabia"
RUSSELL,BRINSON,3.99,1,"2005-05-30 01:18:15",Tychy,Poland
TROY,QUIGLEY,5.99,1,"2005-05-30 01:19:53",Vancouver,Canada
OSCAR,AQUINO,7.99,2,"2005-05-30 01:23:07",Sirjan,Iran
BRAD,MCCURDY,4.99,2,"2005-05-30 01:35:12",Chungho,Taiwan
DARRYL,ASHCRAFT,0.99,2,"2005-05-30 01:35:15",Ezeiza,Argentina
NELSON,CHRISTENSON,4.99,1,"2005-05-30 01:36:57","Santiago de Compostela",Spain
THELMA,MURRAY,0.99,1,"2005-05-30 01:43:31",Lima,Peru
FRED,WHEAT,0.99,2,"2005-05-30 01:56:11",Juárez,Mexico
NATHAN,RUNYON,0.99,1,"2005-05-30 02:00:28","Charlotte Amalie","Virgin Islands, U.S."
HEATHER,MORRIS,9.99,1,"2005-05-30 02:01:21",Nagareyama,Japan
ROSEMARY,SCHMIDT,4.99,1,"2005-05-30 02:01:23",Usak,Turkey
SAMUEL,MARLOW,4.99,2,"2005-05-30 02:10:32",Ranchi,India
RACHEL,BARNES,2.99,1,"2005-05-30 02:36:20",Kamakura,Japan
BRANDY,GRAVES,10.99,1,"2005-05-30 02:45:16",Warren,"United States"
BRETT,CORNWELL,0.99,1,"2005-05-30 02:48:32","Siliguri (Shiliguri)",India
JEFFREY,SPEAR,2.99,2,"2005-05-30 03:09:11",Ciparay,Indonesia
CARLOS,COUGHLIN,4.99,1,"2005-05-30 03:14:59",Bhavnagar,India
CODY,NOLEN,2.99,2,"2005-05-30 03:27:17","São Bernardo do Campo",Brazil
MICHELE,GRANT,7.99,2,"2005-05-30 03:39:44",Yuncheng,China
SUSAN,WILSON,6.99,2,"2005-05-30 03:43:54",Hamilton,"New Zealand"
EMILY,DIAZ,0.99,2,"2005-05-30 03:54:43",Kimchon,"South Korea"
CYNTHIA,YOUNG,2.99,1,"2005-05-30 04:19:55","Munger (Monghyr)",India
RAMONA,HALE,4.99,2,"2005-05-30 04:22:06",Patiala,India
CLARENCE,GAMEZ,2.99,1,"2005-05-30 04:25:47",Izumisano,Japan
WILLIAM,SATTERFIELD,2.99,2,"2005-05-30 05:01:30",Sanaa,Yemen
ALLAN,CORNISH,3.99,1,"2005-05-30 05:03:04",Tarlac,Philippines
AARON,SELBY,2.99,2,"2005-05-30 05:15:20",Mwene-Ditu,"Congo, The Democratic Republic of the"
JULIE,SANCHEZ,0.99,1,"2005-05-30 05:36:21","A Coruña (La Coruña)",Spain
JOSE,ANDREW,6.99,1,"2005-05-30 05:38:24",Kingstown,"Saint Vincent and the Grenadines"
WALTER,PERRYMAN,5.99,2,"2005-05-30 05:41:22",Xinxiang,China
MARGARET,MOORE,0.99,2,"2005-05-30 05:48:59",Masqat,Oman
MATTHEW,MAHAN,5.99,2,"2005-05-30 05:49:13",Cuautla,Mexico
MAURICE,CRAWLEY,0.99,1,"2005-05-30 05:49:42",Coatzacoalcos,Mexico
LEON,BOSTIC,0.99,1,"2005-05-30 06:12:33",Florencia,Colombia
GLENDA,FRAZIER,4.99,1,"2005-05-30 06:15:36",Qinhuangdao,China
DAN,PAINE,2.99,1,"2005-05-30 06:16:06",Stockport,"United Kingdom"
DANNY,ISOM,4.99,1,"2005-05-30 06:21:05",Okara,Pakistan
DONNA,THOMPSON,4.99,1,"2005-05-30 06:41:32",Elista,"Russian Federation"
JOAN,COOPER,0.99,1,"2005-05-30 06:54:28","Saint Louis","United States"
PHILIP,CAUSEY,0.99,1,"2005-05-30 06:54:51",Korolev,"Russian Federation"
SANDRA,MARTIN,0.99,2,"2005-05-30 07:10:00",Southend-on-Sea,"United Kingdom"
MARJORIE,TUCKER,5.99,1,"2005-05-30 07:13:14",Jastrzebie-Zdrój,Poland
GRACE,ELLIS,2.99,2,"2005-05-30 07:14:53",Duisburg,Germany
JOE,GILLILAND,4.99,2,"2005-05-30 07:43:04",Imus,Philippines
CLARENCE,GAMEZ,7.99,1,"2005-05-30 07:43:12",Izumisano,Japan
NAOMI,JENNINGS,4.99,1,"2005-05-30 08:02:56",Karnal,India
BRETT,CORNWELL,2.99,1,"2005-05-30 08:06:59","Siliguri (Shiliguri)",India
BRYAN,HARDISON,5.99,2,"2005-05-30 08:31:31",Dallas,"United States"
LAURIE,LAWRENCE,1.99,1,"2005-05-30 08:50:43",Firozabad,India
GERTRUDE,CASTILLO,3.99,1,"2005-05-30 09:03:52",Nuuk,Greenland
EDWIN,BURK,8.99,1,"2005-05-30 09:10:01",Newcastle,"South Africa"
ERNEST,STEPP,0.99,2,"2005-05-30 09:26:19",Huai´an,China
BERTHA,FERGUSON,6.99,1,"2005-05-30 09:29:30",Ondo,Nigeria
KIRK,STCLAIR,8.99,1,"2005-05-30 09:38:41",Tsaotun,Taiwan
LENA,JENSEN,2.99,2,"2005-05-30 09:40:40",Halisahar,India
IAN,STILL,4.99,2,"2005-05-30 09:53:36",Garland,"United States"
SUE,PETERS,3.99,2,"2005-05-30 10:11:29",Changzhou,China
MARIE,TURNER,2.99,1,"2005-05-30 10:19:42",Lipetsk,"Russian Federation"
DIANE,COLLINS,4.99,1,"2005-05-30 10:25:00",Omdurman,Sudan
NELSON,CHRISTENSON,3.99,1,"2005-05-30 10:30:38","Santiago de Compostela",Spain
LESLIE,SEWARD,0.99,2,"2005-05-30 10:37:27",Pontianak,Indonesia
ANNE,POWELL,4.99,2,"2005-05-30 10:38:37",Bradford,"United Kingdom"
GLEN,TALBERT,8.99,1,"2005-05-30 10:43:38",Acuña,Mexico
JEREMY,HURTADO,2.99,2,"2005-05-30 10:46:16","Vitória de Santo Antão",Brazil
BRANDON,HUEY,6.99,1,"2005-05-30 10:50:22",Balikesir,Turkey
SHAWN,HEATON,4.99,1,"2005-05-30 10:58:33","Nakhon Sawan",Thailand
FRED,WHEAT,7.99,2,"2005-05-30 11:04:58",Juárez,Mexico
ENRIQUE,FORSYTHE,2.99,1,"2005-05-30 11:06:00",Patras,Greece
WENDY,HARRISON,0.99,1,"2005-05-30 11:20:27",Nezahualcóyotl,Mexico
JENNIFER,DAVIS,0.99,2,"2005-05-30 11:25:01",Laredo,"United States"
PHILLIP,HOLM,2.99,1,"2005-05-30 11:27:06",Tama,Japan
SUE,PETERS,0.99,2,"2005-05-30 11:32:24",Changzhou,China
JEREMY,HURTADO,0.99,2,"2005-05-30 11:35:06","Vitória de Santo Antão",Brazil
SALVADOR,TEEL,4.99,2,"2005-05-30 11:44:01",Banjul,Gambia
MILTON,HOWLAND,2.99,2,"2005-05-30 11:53:09",Vijayawada,India
GUY,BROWNLEE,7.99,2,"2005-05-30 11:55:55",Zhoushan,China
PAMELA,BAKER,2.99,1,"2005-05-30 11:58:50",Nanyang,China
MAE,FLETCHER,4.99,2,"2005-05-30 12:10:59","Donostia-San Sebastián",Spain
RHONDA,KENNEDY,2.99,2,"2005-05-30 12:13:52",Apeldoorn,Netherlands
IRENE,PRICE,0.99,2,"2005-05-30 12:15:54",Pavlodar,Kazakstan
SALLY,PIERCE,4.99,2,"2005-05-30 12:16:40",Chandrapur,India
RACHEL,BARNES,2.99,1,"2005-05-30 12:27:14",Kamakura,Japan
FERNANDO,CHURCHILL,6.99,2,"2005-05-30 12:32:39",Tonghae,"South Korea"
DEBBIE,REYES,2.99,1,"2005-05-30 12:44:57",Fukuyama,Japan
LEE,HAWKS,0.99,1,"2005-05-30 12:53:01",Pudukkottai,India
ELSIE,KELLEY,2.99,2,"2005-05-30 12:55:36",Ikerre,Nigeria
JANICE,WARD,4.99,2,"2005-05-30 13:08:45",Malmö,Sweden
MILDRED,BAILEY,2.99,1,"2005-05-30 13:24:46",Jaipur,India
MABEL,HOLLAND,2.99,2,"2005-05-30 13:29:36",Monywa,Myanmar
WESLEY,BULL,1.99,2,"2005-05-30 13:52:49","Ourense (Orense)",Spain
DAVID,ROYAL,2.99,2,"2005-05-30 14:47:31",Callao,Peru
CATHERINE,CAMPBELL,2.99,2,"2005-05-30 14:47:31",Moscow,"Russian Federation"
ADAM,GOOCH,0.99,1,"2005-05-30 14:49:34",Adoni,India
CHRISTIAN,JUNG,0.99,1,"2005-05-30 15:01:02",Amroha,India
WALLACE,SLONE,2.99,1,"2005-05-30 15:02:25",Sokoto,Nigeria
JORGE,OLIVARES,2.99,2,"2005-05-30 15:05:47",Lhokseumawe,Indonesia
EVELYN,MORGAN,4.99,2,"2005-05-30 15:20:19",Vaduz,Liechtenstein
MONICA,HICKS,7.99,2,"2005-05-30 15:26:24",Mukatševe,Ukraine
KEITH,RICO,0.99,1,"2005-05-30 15:33:17",Bratislava,Slovakia
GLEN,TALBERT,2.99,1,"2005-05-30 15:35:08",Acuña,Mexico
JOAN,COOPER,4.99,1,"2005-05-30 15:36:57","Saint Louis","United States"
COURTNEY,DAY,8.99,1,"2005-05-30 15:44:27",Uijongbu,"South Korea"
HARRY,ARCE,2.99,1,"2005-05-30 15:50:39",Najafabad,Iran
LOUISE,JENKINS,0.99,1,"2005-05-30 16:06:08",Springs,"South Africa"
CHERYL,MURPHY,2.99,1,"2005-05-30 16:10:35",Mysore,India
PAUL,TROUT,2.99,2,"2005-05-30 16:28:07",Kursk,"Russian Federation"
ELLA,OLIVER,2.99,2,"2005-05-30 16:34:02",Aden,Yemen
SHERRI,RHODES,3.99,1,"2005-05-30 16:57:29",Ahmadnagar,India
ROBERT,BAUGHMAN,0.99,2,"2005-05-30 16:59:03",Kaliningrad,"Russian Federation"
RAMONA,HALE,2.99,2,"2005-05-30 17:30:28",Patiala,India
BERNARD,COLBY,4.99,1,"2005-05-30 17:53:29","Dhule (Dhulia)",India
HOLLY,FOX,0.99,2,"2005-05-30 17:58:03",Haldia,India
JAVIER,ELROD,4.99,1,"2005-05-30 18:07:00",NDjamna,Chad
MICHEAL,FORMAN,2.99,1,"2005-05-30 18:13:23",Escobar,Argentina
MARION,OCAMPO,4.99,1,"2005-05-30 18:16:44",Weifang,China
MITCHELL,WESTMORELAND,6.99,2,"2005-05-30 18:45:17","Nha Trang",Vietnam
ARLENE,HARVEY,3.99,1,"2005-05-30 18:52:53",Ambattur,India
BECKY,MILES,2.99,2,"2005-05-30 18:53:21",Tambaram,India
BRETT,CORNWELL,0.99,1,"2005-05-30 19:00:14","Siliguri (Shiliguri)",India
TYLER,WREN,0.99,2,"2005-05-30 19:00:37",Rizhao,China
SCOTT,SHELLEY,7.99,1,"2005-05-30 19:12:06",Aurora,"United States"
MORRIS,MCCARTER,0.99,2,"2005-05-30 19:20:03",Fengshan,Taiwan
CLAYTON,BARBEE,4.99,2,"2005-05-30 19:23:48",Alvorada,Brazil
JOSEPH,JOY,6.99,2,"2005-05-30 19:50:28","Angra dos Reis",Brazil
IAN,STILL,4.99,2,"2005-05-30 20:10:52",Garland,"United States"
NORMAN,CURRIER,1.99,1,"2005-05-30 20:21:07",Cianjur,Indonesia
JORGE,OLIVARES,3.99,2,"2005-05-30 20:27:45",Lhokseumawe,Indonesia
ENRIQUE,FORSYTHE,6.99,1,"2005-05-30 20:28:42",Patras,Greece
MARIA,MILLER,4.99,1,"2005-05-30 21:07:15",Kragujevac,Yugoslavia
VIRGIL,WOFFORD,4.99,1,"2005-05-30 21:11:19","José Azueta",Mexico
CHRIS,BROTHERS,2.99,2,"2005-05-30 21:22:26",Gijón,Spain
MICHELE,GRANT,5.99,2,"2005-05-30 21:30:52",Yuncheng,China
DIANNE,SHELTON,2.99,2,"2005-05-30 21:37:11",Tabriz,Iran
PRISCILLA,LOWE,0.99,2,"2005-05-30 21:45:19",Salamanca,Mexico
JOSE,ANDREW,4.99,1,"2005-05-30 21:52:42",Kingstown,"Saint Vincent and the Grenadines"
JARED,ELY,4.99,1,"2005-05-30 22:15:24",Purwakarta,Indonesia
WENDY,HARRISON,0.99,1,"2005-05-30 22:15:51",Nezahualcóyotl,Mexico
PATSY,DAVIDSON,4.99,2,"2005-05-30 22:17:17",Portoviejo,Ecuador
BOB,PFEIFFER,2.99,2,"2005-05-30 22:18:35",Xintai,China
TERRY,CARLSON,2.99,1,"2005-05-30 22:22:52",Miyakonojo,Japan
LISA,ANDERSON,6.99,2,"2005-05-30 22:59:12",Sagamihara,Japan
NANCY,THOMAS,4.99,1,"2005-05-30 23:08:03","Yamuna Nagar",India
LOUISE,JENKINS,2.99,1,"2005-05-30 23:11:51",Springs,"South Africa"
PAUL,TROUT,3.99,2,"2005-05-30 23:25:14",Kursk,"Russian Federation"
RENE,MCALISTER,8.99,2,"2005-05-30 23:29:22","Garden Grove","United States"
SHANNON,FREEMAN,2.99,2,"2005-05-30 23:47:56","Varanasi (Benares)",India
DUANE,TUBBS,4.99,2,"2005-05-30 23:54:19",Yangor,Nauru
GREG,ROBINS,4.99,1,"2005-05-30 23:55:36","Nam Dinh",Vietnam
DANIELLE,DANIELS,3.99,2,"2005-05-31 00:06:02",Hidalgo,Mexico
ERIC,ROBERT,2.99,1,"2005-05-31 00:06:20","Santa Fé",Argentina
NATALIE,MEYER,4.99,1,"2005-05-31 00:08:25","Aparecida de Goiânia",Brazil
ALAN,KAHN,4.99,1,"2005-05-31 00:16:57",Emeishan,China
MARVIN,YEE,4.99,2,"2005-05-31 00:25:10","Berhampore (Baharampur)",India
STEPHEN,QUALLS,6.99,1,"2005-05-31 00:25:56",Dhaka,Bangladesh
JUDITH,COX,2.99,2,"2005-05-31 00:46:31",Daxian,China
