name,film_loue,category
"ANA BRADLEY","HANDICAP BOONDOCK",Action
"ANA BRADLEY","DOUBLE WRATH",Animation
"ANA BRADLEY","SABRINA MIDNIGHT",Children
"ANA BRADLEY","TIMBERLAND SKY",Classics
"ANA BRADLEY","STEEL SANTA",Classics
"ANA BRADLEY","FROST HEAD",Classics
"ANA BRADLEY","SUBMARINE BED",Comedy
"ANA BRADLEY","STRICTLY SCARFACE",Comedy
"ANA BRADLEY","METAL ARMAGEDDON",Documentary
"ANA BRADLEY","DEEP CRUSADE",Documentary
"ANA BRADLEY","HARRY IDAHO",Drama
"ANA BRADLEY","SPARTACUS CHEAPER",Family
"ANA BRADLEY","MAGUIRE APACHE",Family
"ANA BRADLEY","CONFUSED CANDLES",Family
"ANA BRADLEY","EFFECT GLADIATOR",Family
"ANA BRADLEY","RAGE GAMES",Family
"ANA BRADLEY","RANGE MOONWALKER",Family
"ANA BRADLEY","FEUD FROGMEN",Family
"ANA BRADLEY","ALIEN CENTER",Foreign
"ANA BRADLEY","HAPPINESS UNITED",Foreign
"ANA BRADLEY","BABY HALL",Foreign
"ANA BRADLEY","MASSACRE USUAL",Games
"ANA BRADLEY","STREETCAR INTENTIONS",Horror
"ANA BRADLEY","ROLLERCOASTER BRINGING",Horror
"ANA BRADLEY","STREETCAR INTENTIONS",Horror
"ANA BRADLEY","HIGH ENCINO",Horror
"ANA BRADLEY","KARATE MOON",Horror
"ANA BRADLEY","LEGEND JEDI",Music
"ANA BRADLEY","NEMO CAMPUS",Sci-Fi
"ANA BRADLEY","STAR OPERATION",Sports
"ANA BRADLEY","SATISFACTION CONFIDENTIAL",Sports
"ANA BRADLEY","BUCKET BROTHERHOOD",Travel
"ANA BRADLEY","BUCKET BROTHERHOOD",Travel
"ANA BRADLEY","MOULIN WAKE",Travel
"CLARA SHAW","PATRIOT ROMAN",Action
"CLARA SHAW","PARK CITIZEN",Action
"CLARA SHAW","FOOL MOCKINGBIRD",Action
"CLARA SHAW","DARKO DORADO",Action
"CLARA SHAW","ANACONDA CONFESSIONS",Animation
"CLARA SHAW","WAIT CIDER",Animation
"CLARA SHAW","STRANGER STRANGERS",Children
"CLARA SHAW","SABRINA MIDNIGHT",Children
"CLARA SHAW","MILLION ACE",Classics
"CLARA SHAW","PREJUDICE OLEANDER",Classics
"CLARA SHAW","REQUIEM TYCOON",Classics
"CLARA SHAW","ARIZONA BANG",Classics
"CLARA SHAW","JAWS HARRY",Comedy
"CLARA SHAW","CLOSER BANG",Comedy
"CLARA SHAW","FREEDOM CLEOPATRA",Comedy
"CLARA SHAW","SAGEBRUSH CLUELESS",Documentary
"CLARA SHAW","BILL OTHERS",Documentary
"CLARA SHAW","RACER EGG",Drama
"CLARA SHAW","HARRY IDAHO",Drama
"CLARA SHAW","QUEEN LUKE",Drama
"CLARA SHAW","VIETNAM SMOOCHY",Drama
"CLARA SHAW","LEBOWSKI SOLDIERS",Drama
"CLARA SHAW","SUNSET RACER",Family
"CLARA SHAW","NETWORK PEAK",Family
"CLARA SHAW","HALF OUTFIELD",Family
"CLARA SHAW","GREEK EVERYONE",Foreign
"CLARA SHAW","ENCINO ELF",Games
"CLARA SHAW","STATE WASTELAND",Games
"CLARA SHAW","HAUNTING PIANIST",Games
"CLARA SHAW","LOLA AGENT",Horror
"CLARA SHAW","AIRPORT POLLOCK",Horror
"CLARA SHAW","DEER VIRGINIAN",Music
"CLARA SHAW","HEAVENLY GUN",Music
"CLARA SHAW","MASK PEACH",New
"CLARA SHAW","BRANNIGAN SUNRISE",New
"CLARA SHAW","BUTTERFLY CHOCOLAT",New
"CLARA SHAW","FATAL HAUNTED",New
"CLARA SHAW","RANDOM GO",Sci-Fi
"CLARA SHAW","RIVER OUTLAW",Sports
"CLARA SHAW","RECORDS ZORRO",Sports
"CLARA SHAW","DISCIPLE MOTHER",Travel
"CLARA SHAW","WOLVES DESIRE",Travel
"ELEANOR HUNT","MINDS TRUMAN",Action
"ELEANOR HUNT","SOUTH WAIT",Action
"ELEANOR HUNT","AMERICAN CIRCUS",Action
"ELEANOR HUNT","PREJUDICE OLEANDER",Classics
"ELEANOR HUNT","COLOR PHILADELPHIA",Classics
"ELEANOR HUNT","SNATCHERS MONTEZUMA",Classics
"ELEANOR HUNT","ARIZONA BANG",Classics
"ELEANOR HUNT","STRICTLY SCARFACE",Comedy
"ELEANOR HUNT","PINOCCHIO SIMON",Comedy
"ELEANOR HUNT","MAJESTIC FLOATS",Documentary
"ELEANOR HUNT","SECRET GROUNDHOG",Documentary
"ELEANOR HUNT","QUILLS BULL",Documentary
"ELEANOR HUNT","RACER EGG",Drama
"ELEANOR HUNT","GABLES METROPOLIS",Family
"ELEANOR HUNT","ROBBERY BRIGHT",Family
"ELEANOR HUNT","REMEMBER DIARY",Family
"ELEANOR HUNT","MUSIC BOONDOCK",Family
"ELEANOR HUNT","OPPOSITE NECKLACE",Family
"ELEANOR HUNT","DINOSAUR SECRETARY",Family
"ELEANOR HUNT","HELLFIGHTERS SIERRA",Foreign
"ELEANOR HUNT","SCISSORHANDS SLUMS",Foreign
"ELEANOR HUNT","TRAP GUYS",Foreign
"ELEANOR HUNT","WAR NOTTING",Foreign
"ELEANOR HUNT","GUN BONNIE",Games
"ELEANOR HUNT","FORWARD TEMPLE",Games
"ELEANOR HUNT","NAME DETECTIVE",Games
"ELEANOR HUNT","EGYPT TENENBAUMS",Horror
"ELEANOR HUNT","FAMILY SWEET",Horror
"ELEANOR HUNT","LADY STAGE",Horror
"ELEANOR HUNT","AFFAIR PREJUDICE",Horror
"ELEANOR HUNT","WIZARD COLDBLOODED",Music
"ELEANOR HUNT","BOULEVARD MOB",New
"ELEANOR HUNT","INTERVIEW LIAISONS",New
"ELEANOR HUNT","ARMAGEDDON LOST",Sci-Fi
"ELEANOR HUNT","HOLLOW JEOPARDY",Sci-Fi
"ELEANOR HUNT","SPIRITED CASUALTIES",Sci-Fi
"ELEANOR HUNT","SUN CONFESSIONS",Sci-Fi
"ELEANOR HUNT","ENGLISH BULWORTH",Sci-Fi
"ELEANOR HUNT","GRAFFITI LOVE",Sci-Fi
"ELEANOR HUNT","SOLDIERS EVOLUTION",Sci-Fi
"ELEANOR HUNT","MUMMY CREATURES",Sports
"ELEANOR HUNT","MADIGAN DORADO",Travel
"ELEANOR HUNT","BIRD INDEPENDENCE",Travel
"ELEANOR HUNT","OUTLAW HANKY",Travel
"ELEANOR HUNT","COMA HEAD",Travel
"ELEANOR HUNT","OTHERS SOUP",Travel
"KARL SEAL","FOOL MOCKINGBIRD",Action
"KARL SEAL","QUEST MUSSOLINI",Action
"KARL SEAL","GANGS PRIDE",Animation
"KARL SEAL","BIKINI BORROWERS",Animation
"KARL SEAL","MISSION ZOOLANDER",Animation
"KARL SEAL","MASSAGE IMAGE",Animation
"KARL SEAL","INSECTS STONE",Animation
"KARL SEAL","INCH JET",Animation
"KARL SEAL","DESIRE ALIEN",Animation
"KARL SEAL","FORRESTER COMANCHEROS",Animation
"KARL SEAL","BETRAYED REAR",Children
"KARL SEAL","MILLION ACE",Classics
"KARL SEAL","LONELY ELEPHANT",Comedy
"KARL SEAL","BRINGING HYSTERICAL",Comedy
"KARL SEAL","METAL ARMAGEDDON",Documentary
"KARL SEAL","WEDDING APOLLO",Documentary
"KARL SEAL","WEDDING APOLLO",Documentary
"KARL SEAL","PRINCESS GIANT",Documentary
"KARL SEAL","HEAVYWEIGHTS BEAST",Documentary
"KARL SEAL","RACER EGG",Drama
"KARL SEAL","BLUES INSTINCT",Family
"KARL SEAL","ROBBERY BRIGHT",Family
"KARL SEAL","DUMBO LUST",Family
"KARL SEAL","DATE SPEED",Family
"KARL SEAL","REMEMBER DIARY",Family
"KARL SEAL","SPLASH GUMP",Family
"KARL SEAL","SLUMS DUCK",Family
"KARL SEAL","MULHOLLAND BEAST",Foreign
"KARL SEAL","CYCLONE FAMILY",Foreign
"KARL SEAL","MOONWALKER FOOL",Games
"KARL SEAL","SPY MILE",Games
"KARL SEAL","REAP UNFAITHFUL",Horror
"KARL SEAL","SINNERS ATLANTIS",Horror
"KARL SEAL","HIGH ENCINO",Horror
"KARL SEAL","PARIS WEEKEND",Horror
"KARL SEAL","FIDELITY DEVIL",Horror
"KARL SEAL","TERMINATOR CLUB",Music
"KARL SEAL","STING PERSONAL",New
"KARL SEAL","DESTINY SATURDAY",New
"KARL SEAL","RIDGEMONT SUBMARINE",New
"KARL SEAL","GOLDMINE TYCOON",Sci-Fi
"KARL SEAL","ENGLISH BULWORTH",Sci-Fi
"KARL SEAL","PICKUP DRIVING",Sports
"KARL SEAL","NOVOCAINE FLIGHT",Sports
"KARL SEAL","DURHAM PANKY",Sports
"MARCIA DEAN","SUSPECTS QUILLS",Action
"MARCIA DEAN","UPRISING UPTOWN",Action
"MARCIA DEAN","OSCAR GOLD",Animation
"MARCIA DEAN","SNOWMAN ROLLERCOASTER",Animation
"MARCIA DEAN","DOUBLE WRATH",Animation
"MARCIA DEAN","ANACONDA CONFESSIONS",Animation
"MARCIA DEAN","LABYRINTH LEAGUE",Children
"MARCIA DEAN","HOLOCAUST HIGHBALL",Children
"MARCIA DEAN","STRANGELOVE DESIRE",Children
"MARCIA DEAN","PREJUDICE OLEANDER",Classics
"MARCIA DEAN","ROOTS REMEMBER",Classics
"MARCIA DEAN","DYING MAKER",Comedy
"MARCIA DEAN","INTOLERABLE INTENTIONS",Documentary
"MARCIA DEAN","RAGE GAMES",Family
"MARCIA DEAN","CONVERSATION DOWNHILL",Family
"MARCIA DEAN","CONFUSED CANDLES",Family
"MARCIA DEAN","NETWORK PEAK",Family
"MARCIA DEAN","RESERVOIR ADAPTATION",Foreign
"MARCIA DEAN","SCHOOL JACKET",Foreign
"MARCIA DEAN","COWBOY DOOM",Foreign
"MARCIA DEAN","MAUDE MOD",Foreign
"MARCIA DEAN","WONDERFUL DROP",Foreign
"MARCIA DEAN","NAME DETECTIVE",Games
"MARCIA DEAN","GATHERING CALENDAR",Games
"MARCIA DEAN","DETAILS PACKER",Games
"MARCIA DEAN","MADRE GABLES",Games
"MARCIA DEAN","DAWN POND",Games
"MARCIA DEAN","PULP BEVERLY",Horror
"MARCIA DEAN","CHAMBER ITALIAN",Music
"MARCIA DEAN","ALONE TRIP",Music
"MARCIA DEAN","PHANTOM GLORY",New
"MARCIA DEAN","SLEEPY JAPANESE",New
"MARCIA DEAN","TROOPERS METAL",New
"MARCIA DEAN","DRAGONFLY STRANGERS",New
"MARCIA DEAN","REIGN GENTLEMEN",Sci-Fi
"MARCIA DEAN","BADMAN DAWN",Sci-Fi
"MARCIA DEAN","GROOVE FICTION",Sports
"MARCIA DEAN","NORTHWEST POLISH",Sports
"MARCIA DEAN","STRAIGHT HOURS",Sports
"MARCIA DEAN","WOLVES DESIRE",Travel
"MARCIA DEAN","MUSCLE BRIGHT",Travel
"MARCIA DEAN","OTHERS SOUP",Travel
"MARION SNYDER","STAGECOACH ARMAGEDDON",Action
"MARION SNYDER","FORRESTER COMANCHEROS",Animation
"MARION SNYDER","THIEF PELICAN",Animation
"MARION SNYDER","NASH CHOCOLAT",Animation
"MARION SNYDER","DOGMA FAMILY",Animation
"MARION SNYDER","HOLOCAUST HIGHBALL",Children
"MARION SNYDER","CABIN FLASH",Children
"MARION SNYDER","FULL FLATLINERS",Children
"MARION SNYDER","TOMORROW HUSTLER",Classics
"MARION SNYDER","PREJUDICE OLEANDER",Classics
"MARION SNYDER","ADAPTATION HOLES",Documentary
"MARION SNYDER","WIFE TURN",Documentary
"MARION SNYDER","NATIONAL STORY",Documentary
"MARION SNYDER","WIFE TURN",Documentary
"MARION SNYDER","SEATTLE EXPECATIONS",Drama
"MARION SNYDER","ENCOUNTERS CURTAIN",Drama
"MARION SNYDER","HANGING DEEP",Drama
"MARION SNYDER","SPICE SORORITY",Drama
"MARION SNYDER","PITTSBURGH HUNCHBACK",Family
"MARION SNYDER","NATURAL STOCK",Family
"MARION SNYDER","POLLOCK DELIVERANCE",Foreign
"MARION SNYDER","MAUDE MOD",Foreign
"MARION SNYDER","LOSE INCH",Foreign
"MARION SNYDER","PURPLE MOVIE",Foreign
"MARION SNYDER","SWARM GOLD",Horror
"MARION SNYDER","FIDELITY DEVIL",Horror
"MARION SNYDER","CONFIDENTIAL INTERVIEW",Music
"MARION SNYDER","DRIVING POLISH",Music
"MARION SNYDER","FRONTIER CABIN",New
"MARION SNYDER","CHARIOTS CONSPIRACY",Sci-Fi
"MARION SNYDER","DAISY MENAGERIE",Sci-Fi
"MARION SNYDER","MARRIED GO",Sci-Fi
"MARION SNYDER","CONGENIALITY QUEST",Sports
"MARION SNYDER","HOLES BRANNIGAN",Sports
"MARION SNYDER","NEIGHBORS CHARADE",Sports
"MARION SNYDER","COMA HEAD",Travel
"MARION SNYDER","MUSCLE BRIGHT",Travel
"MARION SNYDER","WORKING MICROCOSMOS",Travel
"MARION SNYDER","MOULIN WAKE",Travel
"RHONDA KENNEDY","ENTRAPMENT SATISFACTION",Action
"RHONDA KENNEDY","REAR TRADING",Action
"RHONDA KENNEDY","POND SEATTLE",Animation
"RHONDA KENNEDY","DARES PLUTO",Animation
"RHONDA KENNEDY","OZ LIAISONS",Animation
"RHONDA KENNEDY","INVASION CYCLONE",Children
"RHONDA KENNEDY","LEAGUE HELLFIGHTERS",Classics
"RHONDA KENNEDY","PURE RUNNER",Comedy
"RHONDA KENNEDY","GROUNDHOG UNCUT",Comedy
"RHONDA KENNEDY","JAWS HARRY",Comedy
"RHONDA KENNEDY","HUSTLER PARTY",Comedy
"RHONDA KENNEDY","BROTHERHOOD BLANKET",Documentary
"RHONDA KENNEDY","CIDER DESIRE",Documentary
"RHONDA KENNEDY","SOMETHING DUCK",Drama
"RHONDA KENNEDY","CONEHEADS SMOOCHY",Drama
"RHONDA KENNEDY","HOLIDAY GAMES",Foreign
"RHONDA KENNEDY","IMPOSSIBLE PREJUDICE",Foreign
"RHONDA KENNEDY","DAWN POND",Games
"RHONDA KENNEDY","HEAD STRANGER",Games
"RHONDA KENNEDY","MOONSHINE CABIN",Games
"RHONDA KENNEDY","DAWN POND",Games
"RHONDA KENNEDY","GRIT CLOCKWORK",Games
"RHONDA KENNEDY","ROXANNE REBEL",Games
"RHONDA KENNEDY","SLEEPING SUSPECTS",Horror
"RHONDA KENNEDY","TRAIN BUNCH",Horror
"RHONDA KENNEDY","REEF SALUTE",Horror
"RHONDA KENNEDY","DEER VIRGINIAN",Music
"RHONDA KENNEDY","OUTFIELD MASSACRE",Music
"RHONDA KENNEDY","AMISTAD MIDSUMMER",New
"RHONDA KENNEDY","GRAFFITI LOVE",Sci-Fi
"RHONDA KENNEDY","HONEY TIES",Sports
"RHONDA KENNEDY","MERMAID INSECTS",Sports
"RHONDA KENNEDY","CHANCE RESURRECTION",Sports
"RHONDA KENNEDY","PHILADELPHIA WIFE",Sports
"RHONDA KENNEDY","LOSER HUSTLER",Sports
"RHONDA KENNEDY","CONTACT ANONYMOUS",Travel
"RHONDA KENNEDY","MOULIN WAKE",Travel
"RHONDA KENNEDY","WINDOW SIDE",Travel
"RHONDA KENNEDY","HORROR REIGN",Travel
"TIM CARY","AMERICAN CIRCUS",Action
"TIM CARY","CELEBRITY HORN",Action
"TIM CARY","DARN FORRESTER",Action
"TIM CARY","INCH JET",Animation
"TIM CARY","WATCH TRACY",Animation
"TIM CARY","DOUBLE WRATH",Animation
"TIM CARY","ALTER VICTORY",Animation
"TIM CARY","ROOM ROMAN",Animation
"TIM CARY","CHAMPION FLATLINERS",Animation
"TIM CARY","JUGGLER HARDLY",Animation
"TIM CARY","FURY MURDER",Children
"TIM CARY","MALKOVICH PET",Classics
"TIM CARY","TIMBERLAND SKY",Classics
"TIM CARY","DETECTIVE VISION",Classics
"TIM CARY","LION UNCUT",Comedy
"TIM CARY","PELICAN COMFORTS",Documentary
"TIM CARY","BEACH HEARTBREAKERS",Documentary
"TIM CARY","WARDROBE PHANTOM",Drama
"TIM CARY","SHOOTIST SUPERFLY",Drama
"TIM CARY","HALF OUTFIELD",Family
"TIM CARY","CHOCOLAT HARRY",Family
"TIM CARY","RAGE GAMES",Family
"TIM CARY","JEDI BENEATH",Family
"TIM CARY","PURPLE MOVIE",Foreign
"TIM CARY","INNOCENT USUAL",Foreign
"TIM CARY","EVERYONE CRAFT",Foreign
"TIM CARY","HEAD STRANGER",Games
"TIM CARY","ANALYZE HOOSIERS",Horror
"TIM CARY","CONFIDENTIAL INTERVIEW",Music
"TIM CARY","INTERVIEW LIAISONS",New
"TIM CARY","WHISPERER GIANT",Sci-Fi
"TIM CARY","WHISPERER GIANT",Sci-Fi
"TIM CARY","GARDEN ISLAND",Sci-Fi
"TIM CARY","INSTINCT AIRPORT",Sports
"TIM CARY","TOURIST PELICAN",Sports
"TIM CARY","ARTIST COLDBLOODED",Sports
"TIM CARY","GRACELAND DYNAMITE",Sports
"TIM CARY","GROOVE FICTION",Sports
"TIM CARY","STONE FIRE",Travel
"TOMMY COLLAZO","GOSFORD DONNIE",Action
"TOMMY COLLAZO","HILLS NEIGHBORS",Action
"TOMMY COLLAZO","DRIFTER COMMANDMENTS",Action
"TOMMY COLLAZO","BRIDE INTRIGUE",Action
"TOMMY COLLAZO","ZOOLANDER FICTION",Children
"TOMMY COLLAZO","CORE SUIT",Classics
"TOMMY COLLAZO","VOYAGE LEGALLY",Classics
"TOMMY COLLAZO","REQUIEM TYCOON",Classics
"TOMMY COLLAZO","SWEDEN SHINING",Comedy
"TOMMY COLLAZO","WISDOM WORKER",Comedy
"TOMMY COLLAZO","CLOSER BANG",Comedy
"TOMMY COLLAZO","ZORRO ARK",Comedy
"TOMMY COLLAZO","FLINTSTONES HAPPINESS",Comedy
"TOMMY COLLAZO","MOD SECRETARY",Documentary
"TOMMY COLLAZO","HEAVYWEIGHTS BEAST",Documentary
"TOMMY COLLAZO","BONNIE HOLOCAUST",Documentary
"TOMMY COLLAZO","HOMICIDE PEACH",Family
"TOMMY COLLAZO","CONVERSATION DOWNHILL",Family
"TOMMY COLLAZO","MOVIE SHAKESPEARE",Family
"TOMMY COLLAZO","REMEMBER DIARY",Family
"TOMMY COLLAZO","RANGE MOONWALKER",Family
"TOMMY COLLAZO","HELLFIGHTERS SIERRA",Foreign
"TOMMY COLLAZO","TRAP GUYS",Foreign
"TOMMY COLLAZO","FANTASIA PARK",Games
"TOMMY COLLAZO","STATE WASTELAND",Games
"TOMMY COLLAZO","MALTESE HOPE",Games
"TOMMY COLLAZO","LOLA AGENT",Horror
"TOMMY COLLAZO","YENTL IDAHO",Horror
"TOMMY COLLAZO","AFFAIR PREJUDICE",Horror
"TOMMY COLLAZO","FAMILY SWEET",Horror
"TOMMY COLLAZO","PERSONAL LADYBUGS",Music
"TOMMY COLLAZO","FREAKY POCUS",Music
"TOMMY COLLAZO","LUCKY FLYING",Music
"TOMMY COLLAZO","BARBARELLA STREETCAR",Sci-Fi
"TOMMY COLLAZO","WEEKEND PERSONAL",Sci-Fi
"TOMMY COLLAZO","STAR OPERATION",Sports
"TOMMY COLLAZO","COMA HEAD",Travel
"TOMMY COLLAZO","DRUMLINE CYCLONE",Travel
"WESLEY BULL","FIGHT JAWBREAKER",Animation
"WESLEY BULL","DOUBLE WRATH",Animation
"WESLEY BULL","SWEETHEARTS SUSPECTS",Children
"WESLEY BULL","WASTELAND DIVINE",Classics
"WESLEY BULL","MILLION ACE",Classics
"WESLEY BULL","HURRICANE AFFAIR",Comedy
"WESLEY BULL","MIDSUMMER GROUNDHOG",Documentary
"WESLEY BULL","FRENCH HOLIDAY",Documentary
"WESLEY BULL","WEDDING APOLLO",Documentary
"WESLEY BULL","GOLDFINGER SENSIBILITY",Drama
"WESLEY BULL","TRANSLATION SUMMER",Drama
"WESLEY BULL","BAKED CLEOPATRA",Family
"WESLEY BULL","VIRTUAL SPOILERS",Family
"WESLEY BULL","CHISUM BEHAVIOR",Family
"WESLEY BULL","STEPMOM DREAM",Foreign
"WESLEY BULL","MOON BUNCH",Foreign
"WESLEY BULL","LOSE INCH",Foreign
"WESLEY BULL","WHALE BIKINI",Foreign
"WESLEY BULL","RESERVOIR ADAPTATION",Foreign
"WESLEY BULL","MOON BUNCH",Foreign
"WESLEY BULL","LADYBUGS ARMAGEDDON",Games
"WESLEY BULL","GATHERING CALENDAR",Games
"WESLEY BULL","CREATURES SHAKESPEARE",Games
"WESLEY BULL","NAME DETECTIVE",Games
"WESLEY BULL","ROUGE SQUAD",Games
"WESLEY BULL","CURTAIN VIDEOTAPE",Games
"WESLEY BULL","OUTBREAK DIVINE",Games
"WESLEY BULL","OUTBREAK DIVINE",Games
"WESLEY BULL","ICE CROSSING",Games
"WESLEY BULL","KARATE MOON",Horror
"WESLEY BULL","HIGH ENCINO",Horror
"WESLEY BULL","ALI FOREVER",Horror
"WESLEY BULL","WORDS HUNTER",Music
"WESLEY BULL","EARTH VISION",New
"WESLEY BULL","STING PERSONAL",New
"WESLEY BULL","CLYDE THEORY",New
"WESLEY BULL","TIGHTS DAWN",Sports
"WESLEY BULL","BIRD INDEPENDENCE",Travel
"WESLEY BULL","GAMES BOWFINGER",Travel
"WESLEY BULL","LIAISONS SWEET",Travel
